-- phpMyAdmin SQL Dump
-- version 4.8.2
-- https://www.phpmyadmin.net/
--
-- Host: 127.0.0.1
-- Generation Time: Apr 08, 2019 at 07:18 AM
-- Server version: 10.1.34-MariaDB
-- PHP Version: 7.2.7

SET SQL_MODE = "NO_AUTO_VALUE_ON_ZERO";
SET AUTOCOMMIT = 0;
START TRANSACTION;
SET time_zone = "+00:00";


/*!40101 SET @OLD_CHARACTER_SET_CLIENT=@@CHARACTER_SET_CLIENT */;
/*!40101 SET @OLD_CHARACTER_SET_RESULTS=@@CHARACTER_SET_RESULTS */;
/*!40101 SET @OLD_COLLATION_CONNECTION=@@COLLATION_CONNECTION */;
/*!40101 SET NAMES utf8mb4 */;

--
-- Database: `shopurfood_v2.0`
--

DELIMITER $$
--
-- Functions
--
CREATE DEFINER=`root`@`localhost` FUNCTION `lat_lng_distance` (`lat1` FLOAT, `lng1` FLOAT, `lat2` FLOAT, `lng2` FLOAT) RETURNS FLOAT BEGIN RETURN 6371 * 2 * ASIN(SQRT( POWER(SIN((lat1 - abs(lat2)) * pi()/180 / 2), 2) + COS(lat1 * pi()/180 ) * COS(abs(lat2) * pi()/180) * POWER(SIN((lng1 - lng2) * pi()/180 / 2), 2) ));END$$

DELIMITER ;

-- --------------------------------------------------------

--
-- Table structure for table `gr_admin`
--

CREATE TABLE `gr_admin` (
  `id` int(10) NOT NULL,
  `adm_fname` varchar(100) CHARACTER SET utf8 DEFAULT NULL,
  `adm_lname` varchar(100) CHARACTER SET utf8 DEFAULT NULL,
  `adm_password` varchar(50) DEFAULT NULL,
  `adm_reset_key` varchar(255) DEFAULT NULL,
  `adm_email` varchar(150) CHARACTER SET utf8 DEFAULT NULL,
  `adm_phone1` varchar(20) DEFAULT NULL,
  `adm_phone2` varchar(20) DEFAULT NULL,
  `adm_address` varchar(255) CHARACTER SET utf8 DEFAULT NULL,
  `adm_city` int(10) DEFAULT NULL,
  `adm_country` int(10) DEFAULT NULL,
  `adm_language` varchar(100) DEFAULT NULL
) ENGINE=InnoDB DEFAULT CHARSET=latin1;

--
-- Dumping data for table `gr_admin`
--

INSERT INTO `gr_admin` (`id`, `adm_fname`, `adm_lname`, `adm_password`, `adm_reset_key`, `adm_email`, `adm_phone1`, `adm_phone2`, `adm_address`, `adm_city`, `adm_country`, `adm_language`) VALUES
(2, 'Main', 'Admin', 'e10adc3949ba59abbe56e057f20f883e', '', 'admin@gmail.com', '+27711555666', '+27795580541', '69 Jesmond rd\r\nPietermaritzburg \r\nSouth Africa', 1, 1, 'en');

-- --------------------------------------------------------

--
-- Table structure for table `gr_advertisement`
--

CREATE TABLE `gr_advertisement` (
  `ad_id` int(11) NOT NULL,
  `ad_title` varchar(30) NOT NULL,
  `ad_title_ar` varchar(255) CHARACTER SET utf8 DEFAULT NULL,
  `ad_link` varchar(50) NOT NULL,
  `ad_desc` varchar(300) NOT NULL,
  `ad_desc_ar` text CHARACTER SET utf8mb4,
  `ad_image` varchar(100) DEFAULT NULL
) ENGINE=InnoDB DEFAULT CHARSET=latin1;

-- --------------------------------------------------------

--
-- Table structure for table `gr_agent`
--

CREATE TABLE `gr_agent` (
  `agent_id` int(10) NOT NULL,
  `agent_fname` varchar(100) DEFAULT NULL,
  `agent_lname` varchar(100) DEFAULT NULL,
  `agent_email` varchar(255) DEFAULT NULL,
  `agent_password` varchar(100) DEFAULT NULL,
  `agent_phone1` varchar(100) DEFAULT NULL,
  `agent_phone2` varchar(100) DEFAULT NULL,
  `agent_state` varchar(100) DEFAULT NULL,
  `agent_location` text,
  `agent_city` varchar(255) DEFAULT NULL,
  `agent_country` varchar(255) DEFAULT NULL,
  `agent_avail_status` enum('1','2','3') DEFAULT NULL COMMENT '1-available,2-busy,3-unavailable',
  `agent_img` varchar(100) DEFAULT NULL,
  `agent_response_time` time DEFAULT NULL,
  `agent_status` enum('0','1','2') DEFAULT NULL COMMENT '0-block,1-active,2-delete',
  `agent_latitude` varchar(100) DEFAULT NULL,
  `agent_longitude` varchar(100) DEFAULT NULL,
  `agent_read_status` int(11) DEFAULT NULL,
  `agent_currency_code` char(3) DEFAULT NULL,
  `agent_base_fare` decimal(10,2) DEFAULT NULL,
  `agent_fare_type` enum('per_km','per_min') DEFAULT NULL,
  `agent_perkm_charge` decimal(10,2) DEFAULT NULL,
  `agent_permin_charge` decimal(10,2) DEFAULT NULL,
  `mer_paynamics_status` enum('Publish','Unpublish') DEFAULT NULL,
  `mer_paynamics_clientid` varchar(255) DEFAULT NULL,
  `mer_paynamics_secretid` varchar(255) DEFAULT NULL,
  `mer_paynamics_mode` enum('Live','Sandbox') DEFAULT NULL,
  `mer_paymaya_status` enum('Publish','Unpublish') DEFAULT NULL,
  `mer_paymaya_clientid` varchar(255) DEFAULT NULL,
  `mer_paymaya_secretid` varchar(255) DEFAULT NULL,
  `mer_paymaya_mode` enum('Live','Sandbox') DEFAULT NULL,
  `mer_netbank_status` enum('Publish','Unpublish') DEFAULT NULL,
  `mer_bank_accno` varchar(255) DEFAULT NULL,
  `mer_bank_name` varchar(255) DEFAULT NULL,
  `mer_branch` varchar(255) DEFAULT NULL,
  `mer_ifsc` varchar(255) DEFAULT NULL,
  `agent_created_at` datetime NOT NULL,
  `agent_updated_at` datetime NOT NULL,
  `created_at` datetime NOT NULL,
  `updated_at` datetime NOT NULL
) ENGINE=InnoDB DEFAULT CHARSET=latin1;

-- --------------------------------------------------------

--
-- Table structure for table `gr_agent_commission`
--

CREATE TABLE `gr_agent_commission` (
  `id` int(10) NOT NULL,
  `agent_id` int(10) NOT NULL,
  `commission_paid` decimal(10,2) NOT NULL,
  `amount_received` decimal(10,2) NOT NULL,
  `commission_currency` varchar(255) NOT NULL,
  `commission_status` int(10) NOT NULL COMMENT '1-Pending,2-Success,3-Failed',
  `transaction_id` varchar(100) NOT NULL,
  `paymaya_pmtId` text,
  `paymaya_receiptnum` text,
  `paymaya_paid_time` text,
  `paymaya_last4` text,
  `paymaya_cardtype` text,
  `paymaya_maskedcard` text,
  `pay_type` int(1) NOT NULL COMMENT '0-Net banking,1-Paymaya,2-Paynamics',
  `commission_date` datetime NOT NULL
) ENGINE=InnoDB DEFAULT CHARSET=latin1;

-- --------------------------------------------------------

--
-- Table structure for table `gr_agent_earnings`
--

CREATE TABLE `gr_agent_earnings` (
  `ae_id` int(11) NOT NULL,
  `ae_agent_id` int(11) NOT NULL,
  `ae_deliver_id` int(11) NOT NULL,
  `ae_transaction_id` varchar(255) NOT NULL,
  `ae_shop_id` int(11) NOT NULL,
  `ae_merchant_id` int(11) NOT NULL,
  `ae_base_fare` decimal(10,2) NOT NULL,
  `ae_unit_type` enum('per_km','per_min') NOT NULL COMMENT '1-km,2-min',
  `ae_unit_fare` decimal(10,2) NOT NULL,
  `ae_travel_duration` int(11) DEFAULT NULL,
  `ae_travel_distance` int(11) DEFAULT NULL,
  `ae_total_amount` decimal(10,2) NOT NULL,
  `ae_ord_sub_total` decimal(10,2) NOT NULL,
  `ae_ord_wallet` decimal(10,2) NOT NULL,
  `ae_ord_delfee` decimal(10,2) NOT NULL,
  `ae_order_total` decimal(10,2) NOT NULL,
  `ae_ord_status` enum('1','2') NOT NULL COMMENT '1- delivered,2-failed',
  `ae_rcd_amt` decimal(10,2) NOT NULL,
  `ae_ord_currency` varchar(100) NOT NULL,
  `ae_pay_type` varchar(100) NOT NULL,
  `ae_updated_at` datetime NOT NULL
) ENGINE=InnoDB DEFAULT CHARSET=latin1;

-- --------------------------------------------------------

--
-- Table structure for table `gr_banner_image`
--

CREATE TABLE `gr_banner_image` (
  `id` int(11) NOT NULL,
  `image_title` varchar(255) NOT NULL,
  `image_text` text NOT NULL,
  `banner_image` varchar(255) NOT NULL,
  `mob_banner_img` varchar(255) DEFAULT NULL,
  `banner_type` int(11) NOT NULL COMMENT '1=>store,2=>restaurant,3=>landing store,4-landing restaurant',
  `banner_status` int(11) NOT NULL COMMENT '0=>block,1=>unblock, 2=>delete',
  `created_at` date NOT NULL
) ENGINE=InnoDB DEFAULT CHARSET=latin1;

--
-- Dumping data for table `gr_banner_image`
--

INSERT INTO `gr_banner_image` (`id`, `image_title`, `image_text`, `banner_image`, `mob_banner_img`, `banner_type`, `banner_status`, `created_at`) VALUES
(1, '', 'Banner1', 'banner1552290747.jpg', NULL, 2, 1, '2019-03-11'),
(2, '', 'Banner2', 'banner1552290786.jpg', NULL, 2, 2, '2019-03-11'),
(3, '', 'Banner3', 'banner1552290832.jpg', NULL, 2, 2, '2019-03-11'),
(4, '', 'Banner4', 'banner1552290967.png', NULL, 2, 2, '2019-03-11'),
(5, '', 'Banner2', 'banner1552470567.jpg', NULL, 2, 0, '2019-03-13'),
(6, '', 'banner new', 'banner1552470771.jpg', NULL, 2, 1, '2019-03-13');

-- --------------------------------------------------------

--
-- Table structure for table `gr_cart_save`
--

CREATE TABLE `gr_cart_save` (
  `cart_id` int(10) NOT NULL,
  `cart_cus_id` int(10) NOT NULL,
  `cart_st_id` int(10) NOT NULL,
  `cart_item_id` int(10) NOT NULL,
  `cart_had_choice` enum('Yes','No') NOT NULL,
  `cart_spl_req` text,
  `cart_quantity` int(10) NOT NULL,
  `cart_currency` varchar(100) CHARACTER SET utf8 DEFAULT NULL,
  `cart_unit_amt` decimal(10,2) NOT NULL,
  `cart_total_amt` varchar(100) NOT NULL,
  `cart_tax` varchar(100) DEFAULT NULL COMMENT 'single item',
  `cart_type` enum('1','2') NOT NULL COMMENT '1-product,2-item',
  `cart_choices_id` text NOT NULL,
  `cart_pre_order` datetime DEFAULT NULL,
  `cart_transaction_id` varchar(255) NOT NULL,
  `cart_created_date` datetime DEFAULT NULL,
  `cart_updated_at` datetime DEFAULT NULL
) ENGINE=InnoDB DEFAULT CHARSET=latin1;

--
-- Dumping data for table `gr_cart_save`
--

INSERT INTO `gr_cart_save` (`cart_id`, `cart_cus_id`, `cart_st_id`, `cart_item_id`, `cart_had_choice`, `cart_spl_req`, `cart_quantity`, `cart_currency`, `cart_unit_amt`, `cart_total_amt`, `cart_tax`, `cart_type`, `cart_choices_id`, `cart_pre_order`, `cart_transaction_id`, `cart_created_date`, `cart_updated_at`) VALUES
(30, 15, 3, 31, 'No', NULL, 1, '$', '300.00', '300', '0', '2', '[]', NULL, '', NULL, '2019-03-20 05:31:33');

-- --------------------------------------------------------

--
-- Table structure for table `gr_category`
--

CREATE TABLE `gr_category` (
  `cate_id` int(10) NOT NULL,
  `cate_name` varchar(255) NOT NULL,
  `cate_name_ar` varchar(255) CHARACTER SET utf8 DEFAULT NULL,
  `cate_type` enum('1','2') NOT NULL COMMENT '1-restaurant,2-Store',
  `cate_status` enum('0','1','2') NOT NULL DEFAULT '1' COMMENT '0-block,1-active,2-Delete',
  `cate_added_by` int(11) DEFAULT '0' COMMENT '0-admin,1-mercahnt',
  `cate_img` varchar(300) DEFAULT NULL,
  `cate_icon` varchar(250) DEFAULT NULL,
  `cate_store_count` int(11) NOT NULL DEFAULT '0'
) ENGINE=InnoDB DEFAULT CHARSET=latin1;

--
-- Dumping data for table `gr_category`
--

INSERT INTO `gr_category` (`cate_id`, `cate_name`, `cate_name_ar`, `cate_type`, `cate_status`, `cate_added_by`, `cate_img`, `cate_icon`, `cate_store_count`) VALUES
(1, 'Seafood', 'Seafood', '1', '1', 0, 'restaurant_cate_1465944908.jpg', 'cate_icon1101066841.png', 2),
(2, 'Chinese', 'Chinese', '1', '1', 0, 'restaurant_cate_449874486.jpg', 'cat_icon_1315495956.jpg', 0),
(3, 'Italian', 'Italian', '1', '1', 0, 'restaurant_cate_299935503.png', 'cat_icon_1242090507.png', 0),
(4, 'Pizza', 'Pizza', '1', '1', 0, 'restaurant_cate_535984060.jpg', 'cate_icon186621033.png', 2),
(5, 'French', 'French', '1', '1', 0, 'restaurant_cate_857182700.png', 'cat_icon_1418748409.png', 0),
(6, 'Salads', 'Salads', '1', '1', 0, 'restaurant_cate_1917118011.jpg', 'cate_icon1544763595.png', 2),
(7, 'Burger', 'Burger', '1', '1', 0, 'restaurant_cate_1981636692.jpg', 'cate_icon613395410.png', 2),
(8, 'Pizzas', 'Pizzas', '1', '1', 0, 'restaurant_cate_1563767688.jpg', 'cat_icon_1528934095.png', 0),
(9, 'Desserts', 'Desserts', '1', '1', 0, 'restaurant_cate_1594193564.jpg', 'cat_icon_266260189.jpg', 0),
(10, 'Drinks', 'Drinks', '1', '1', 0, 'restaurant_cate_1916574198.png', 'cate_icon1654969019.png', 1),
(11, 'Sayur', 'qw', '1', '1', 0, 'restaurant_cate_888044087.jpg', 'cat_icon_1953380569.jpg', 0);

-- --------------------------------------------------------

--
-- Table structure for table `gr_choices`
--

CREATE TABLE `gr_choices` (
  `ch_id` int(10) NOT NULL,
  `ch_name` varchar(255) NOT NULL,
  `ch_name_ar` text CHARACTER SET utf8 COLLATE utf8_swedish_ci,
  `ch_status` enum('0','1','2') NOT NULL COMMENT '0-block,1-active,2-delete',
  `ch_added_by` int(11) NOT NULL DEFAULT '0' COMMENT '0-admin,1-merchant'
) ENGINE=InnoDB DEFAULT CHARSET=latin1;

--
-- Dumping data for table `gr_choices`
--

INSERT INTO `gr_choices` (`ch_id`, `ch_name`, `ch_name_ar`, `ch_status`, `ch_added_by`) VALUES
(1, 'Chilllies', 'توابل', '1', 0),
(2, 'Pepper', 'فلفل', '1', 0),
(3, 'Thin crust', 'قشرة رقيقه', '1', 0),
(4, 'Cheese', 'القريبة منك', '1', 0),
(5, 'Butter', 'الحلويات', '1', 0),
(6, 'Mayonaise', 'المايونيز', '1', 0),
(7, 'Fresh pan Bread', 'مطعم النجمة', '1', 0),
(8, 'Chicken Toppings', 'دجاج توبر', '1', 0);

-- --------------------------------------------------------

--
-- Table structure for table `gr_cms`
--

CREATE TABLE `gr_cms` (
  `id` smallint(10) NOT NULL,
  `page_title_en` text NOT NULL,
  `page_title_ar` varchar(100) DEFAULT NULL,
  `description_en` blob NOT NULL,
  `description_ar` blob,
  `page_status` tinyint(2) NOT NULL COMMENT '0-block,1-un-block,2-Delete',
  `page_name` varchar(255) NOT NULL,
  `slug` varchar(255) DEFAULT NULL
) ENGINE=InnoDB DEFAULT CHARSET=utf8;

--
-- Dumping data for table `gr_cms`
--

INSERT INTO `gr_cms` (`id`, `page_title_en`, `page_title_ar`, `description_en`, `description_ar`, `page_status`, `page_name`, `slug`) VALUES
(1, 'Help', NULL, 0x3c70207374796c653d226d617267696e2d626f74746f6d3a20323570783b20636f6c6f723a207267622835312c2035312c203531293b20666f6e742d66616d696c793a2047656f726769612c20222074696d65733d2222206e65773d222220726f6d616e222c3d22222073657269663b3d222220666f6e742d73697a653a3d222220313870783b223d22223e546869732063616e20612067726561742077617920746f206272696e6720696e666f726d6174696f6e2061626f757420796f757220707269766163792070726163746963657320696e746f20746865205465726d732026616d703b20436f6e646974696f6e732061677265656d656e7420616e64207374696c6c206d61696e7461696e20612073657061726174652061677265656d656e742074686174206465616c73207769746820796f75722070726976616379207072616374696365732e3c2f703e3c70207374796c653d226d617267696e2d626f74746f6d3a20323570783b20636f6c6f723a207267622835312c2035312c203531293b20666f6e742d66616d696c793a2047656f726769612c20222074696d65733d2222206e65773d222220726f6d616e222c3d22222073657269663b3d222220666f6e742d73697a653a3d222220313870783b223d22223e546865205465726d7320616e6420436f6e646974696f6e732063616e206265206e616d656420616e797468696e6720796f75e2809964206c696b652e20436f6d6d6f6e206e616d657320666f7220746869732061677265656d656e7420696e636c7564652061205465726d73206f66205573652c205465726d73206f6620536572766963652e205768617420796f752063616c6c2074686973206b696e64206f66206c6567616c2061677265656d656e742069736ee280997420617320696d706f7274616e742061732077686174e28099732061637475616c6c7920696e207468652061677265656d656e742e3c2f703e3c70207374796c653d226d617267696e2d626f74746f6d3a20323570783b20636f6c6f723a207267622835312c2035312c203531293b20666f6e742d66616d696c793a2047656f726769612c20222074696d65733d2222206e65773d222220726f6d616e222c3d22222073657269663b3d222220666f6e742d73697a653a3d222220313870783b223d22223ee2809c557365722041677265656d656e742ee2809d20497420696e636c756465732072656c6576616e7420696e666f726d6174696f6e20726567617264696e67207573696e67207468652065426179e280997320776562736974652c20696e74656c6c65637475616c2070726f7065727479206973737565732c2070757263686173696e6720616e64206c697374696e6720636f6e646974696f6e732c20646973636c61696d657273206f662077617272616e7469657320616e64206c696d69746174696f6e73206f66206c696162696c6974792c20616e6420612073656374696f6e206f6e20656e666f7263656d656e74206f662074686520706f6c6963792e3c2f703e3c70207374796c653d226d617267696e2d626f74746f6d3a20313570783b2070616464696e673a203070783b20746578742d616c69676e3a206a7573746966793b20666f6e742d66616d696c793a2022206f70656e3d22222073616e73222c3d222220617269616c2c3d22222073616e732d73657269663b3d222220666f6e742d73697a653a3d222220313470783b223d22223e3c2f703e, NULL, 1, 'Help', 'help'),
(2, 'About Us', NULL, 0x3c70207374796c653d226d617267696e2d626f74746f6d3a20323570783b20636f6c6f723a207267622835312c2035312c203531293b20666f6e742d66616d696c793a2047656f726769612c202671756f743b54696d6573204e657720526f6d616e2671756f743b2c2073657269663b20666f6e742d73697a653a20313870783b223e497420726571756972657320746861742074686520666f6c6c6f77696e6720746f20626520646973636c6f736564206279206120627573696e6573733a3c2f703e3c756c207374796c653d226d617267696e2d72696768743a203070783b206d617267696e2d626f74746f6d3a20323570783b206d617267696e2d6c6566743a203070783b20636f6c6f723a207267622835312c2035312c203531293b20666f6e742d66616d696c793a2047656f726769612c202671756f743b54696d6573204e657720526f6d616e2671756f743b2c2073657269663b20666f6e742d73697a653a20313870783b223e3c6c69207374796c653d226d617267696e3a203070782030707820313270783b223e5768617420706572736f6e616c20696e666f726d6174696f6e20697320636f6c6c6563746564207468726f7567682074686520776562736974652f6170703c2f6c693e3c6c69207374796c653d226d617267696e3a203070782030707820313270783b223e57686174e28099732074686520707572706f7365206f6620636f6c6c656374696e67207468697320696e666f726d6174696f6e3c2f6c693e3c6c69207374796c653d226d617267696e3a203070782030707820313270783b223e486f772074686520636f6c6c656374656420696e666f726d6174696f6e206973207573656420627920627573696e65737320616e642f6f7220627920616e7920746869726420706172746965733c2f6c693e3c6c69207374796c653d226d617267696e3a203070782030707820313270783b223e486f772063616e20757365722072657669657720616e64206d616b65206368616e67657320746f20746865697220696e666f726d6174696f6e3c2f6c693e3c2f756c3e3c70207374796c653d226d617267696e2d626f74746f6d3a20323570783b20636f6c6f723a207267622835312c2035312c203531293b20666f6e742d66616d696c793a2047656f726769612c202671756f743b54696d6573204e657720526f6d616e2671756f743b2c2073657269663b20666f6e742d73697a653a20313870783b223e496e207468652045552c2074686520446174612050726f74656374696f6e204469726563746976652063616c6c7320666f7220616e20696e637265617365642070726f74656374696f6e206f662070726976616379207269676874732e20496620796f75e280997265206120627573696e6573732066726f6d20746865204555206f7220796f7520686176652075736572732066726f6d205545207468617420796f75e28099726520636f6c6c656374696e6720646174612066726f6d2c206974e2809973207265636f6d6d656e64656420746f20686176652074686973206b696e64206f66206c6567616c2061677265656d656e742061732077656c6c2e3c2f703e, NULL, 1, 'About Us', 'about-us'),
(3, 'Press', NULL, 0x3c70207374796c653d226d617267696e2d626f74746f6d3a20323570783b20636f6c6f723a207267622835312c2035312c203531293b20666f6e742d66616d696c793a2047656f726769612c202671756f743b54696d6573204e657720526f6d616e2671756f743b2c2073657269663b20666f6e742d73697a653a20313870783b223e48657265e2809973207768617420796f752073686f756c64206b65657020696e206d696e6420666f72205072697661637920506f6c6963792061677265656d656e743a3c2f703e3c756c207374796c653d226d617267696e2d72696768743a203070783b206d617267696e2d626f74746f6d3a20323570783b206d617267696e2d6c6566743a203070783b20636f6c6f723a207267622835312c2035312c203531293b20666f6e742d66616d696c793a2047656f726769612c202671756f743b54696d6573204e657720526f6d616e2671756f743b2c2073657269663b20666f6e742d73697a653a20313870783b223e3c6c69207374796c653d226d617267696e3a203070782030707820313270783b223e43726561746520746869732061677265656d656e742073657061726174656c792066726f6d20616c6c206f74686572206c6567616c2061677265656d656e74732e20496e636c75646520696e666f726d6174696f6e2074686174206e6565647320746f20626520646973636c6f7365642061732072657175697265642062792043616c4f50504120616e642074686520455520446174612050726976616379204469726563746976652e3c2f6c693e3c6c69207374796c653d226d617267696e3a203070782030707820313270783b223e4d616b652073757265207468652061677265656d656e7420697320616e20686f6e65737420616e64206163637572617465207265666c656374696f6e206f66207768617420706572736f6e616c20696e666f726d6174696f6e20796f752061637475616c6c7920636f6c6c65637420616e6420686f7720796f752061637475616c6c7920757365207468617420646174612e3c2f6c693e3c6c69207374796c653d226d617267696e3a203070782030707820313270783b223e496e636c7564652074686520776f726420e2809c50726976616379e2809d20696e20746865206e616d65206f6620746869732061677265656d656e7420616e6420696e20616e79206c696e6b7320796f752070726f766964652074686174206c696e6b7320746f2074686973206c6567616c20706167652e3c2f6c693e3c6c69207374796c653d226d617267696e3a203070782030707820313270783b223e4d616b65207375726520746869732061677265656d656e74206973206974e2809973206f776e2073657061726174652061677265656d656e742c207265676172646c65737320776865726520796f7520646973706c61792069743a20696e20796f75722077656273697465e280997320666f6f7465722073656374696f6e2c206f6e206f6e65206f6620796f7572206d6f62696c6520617070e28099732073637265656e732c20616e6420736f206f6e2e3c2f6c693e3c2f756c3e3c70207374796c653d226d617267696e2d626f74746f6d3a20323570783b20636f6c6f723a207267622835312c2035312c203531293b20666f6e742d66616d696c793a2047656f726769612c202671756f743b54696d6573204e657720526f6d616e2671756f743b2c2073657269663b20666f6e742d73697a653a20313870783b223e5072697661637920506f6c69636965732073686f756c6420646f63756d656e7420796f75722070726976616379207072616374696365732e2055706461746520697420617320736f6f6e20617320616e797468696e67206368616e6765732c207375636820617320696620796f7520626567696e20746f20636f6c6c656374206120646966666572656e742074797065206f6620706572736f6e616c20696e666f726d6174696f6e2066726f6d20796f75722075736572732c206f7220696620796f7520626567696e20746f20616c6c6f77207468697264207061727469657320746f206163636573732074686520696e666f726d6174696f6e207768656e20796f75206469646ee280997420696e2074686520706173742e3c2f703e3c70207374796c653d226d617267696e2d626f74746f6d3a20323570783b20636f6c6f723a207267622835312c2035312c203531293b20666f6e742d66616d696c793a2047656f726769612c202671756f743b54696d6573204e657720526f6d616e2671756f743b2c2073657269663b20666f6e742d73697a653a20313870783b223e48657265e2809973207768617420796f752073686f756c64206b65657020696e206d696e642061205465726d732026616d703b20436f6e646974696f6e732061677265656d656e743a3c2f703e3c756c207374796c653d226d617267696e2d72696768743a203070783b206d617267696e2d626f74746f6d3a20323570783b206d617267696e2d6c6566743a203070783b20636f6c6f723a207267622835312c2035312c203531293b20666f6e742d66616d696c793a2047656f726769612c202671756f743b54696d6573204e657720526f6d616e2671756f743b2c2073657269663b20666f6e742d73697a653a20313870783b223e3c6c69207374796c653d226d617267696e3a203070782030707820313270783b223e596f752063616e2063726561746520746869732061677265656d656e7420746f20696e636c756465206c6963656e73696e67207269676874732c2072756c657320616e642067756964656c696e657320666f7220796f75722075736572732e3c2f6c693e3c6c69207374796c653d226d617267696e3a203070782030707820313270783b223e496e636c75646520612073656374696f6e207468617420616c6c6f777320796f7520746f207465726d696e6174652075736572206163636f756e747320696e20746865206576656e74206f66206162757365732c206f7220756e64657220616e792063697263756d7374616e6365732c20796f75207769736820746f20696e636c7564652e3c2f6c693e3c6c69207374796c653d226d617267696e3a203070782030707820313270783b223e546869732061677265656d656e7420697320776865726520796f752063616e206d61696e7461696e20636f6e74726f6c206f76657220796f75722077656273697465206f72206170702c20736f206d616b65207375726520746f20696e636c75646520616e79206c696d69746174696f6e7320616e64207265737472696374696f6e73207468617420796f752077616e7420746f2062652061626c6520746f20656e666f7263652e3c2f6c693e3c2f756c3e, NULL, 1, 'Press', NULL),
(4, 'Blog', NULL, 0x3c70207374796c653d226d617267696e2d626f74746f6d3a20323570783b20636f6c6f723a207267622835312c2035312c203531293b20666f6e742d66616d696c793a2047656f726769612c202671756f743b54696d6573204e657720526f6d616e2671756f743b2c2073657269663b20666f6e742d73697a653a20313870783b223e5072697661637920506f6c69636965732073686f756c6420646f63756d656e7420796f75722070726976616379207072616374696365732e2055706461746520697420617320736f6f6e20617320616e797468696e67206368616e6765732c207375636820617320696620796f7520626567696e20746f20636f6c6c656374206120646966666572656e742074797065206f6620706572736f6e616c20696e666f726d6174696f6e2066726f6d20796f75722075736572732c206f7220696620796f7520626567696e20746f20616c6c6f77207468697264207061727469657320746f206163636573732074686520696e666f726d6174696f6e207768656e20796f75206469646ee280997420696e2074686520706173742e3c2f703e3c70207374796c653d226d617267696e2d626f74746f6d3a20323570783b20636f6c6f723a207267622835312c2035312c203531293b20666f6e742d66616d696c793a2047656f726769612c202671756f743b54696d6573204e657720526f6d616e2671756f743b2c2073657269663b20666f6e742d73697a653a20313870783b223e48657265e2809973207768617420796f752073686f756c64206b65657020696e206d696e642061205465726d732026616d703b20436f6e646974696f6e732061677265656d656e743a3c2f703e3c756c207374796c653d226d617267696e2d72696768743a203070783b206d617267696e2d626f74746f6d3a20323570783b206d617267696e2d6c6566743a203070783b20636f6c6f723a207267622835312c2035312c203531293b20666f6e742d66616d696c793a2047656f726769612c202671756f743b54696d6573204e657720526f6d616e2671756f743b2c2073657269663b20666f6e742d73697a653a20313870783b223e3c6c69207374796c653d226d617267696e3a203070782030707820313270783b223e596f752063616e2063726561746520746869732061677265656d656e7420746f20696e636c756465206c6963656e73696e67207269676874732c2072756c657320616e642067756964656c696e657320666f7220796f75722075736572732e3c2f6c693e3c6c69207374796c653d226d617267696e3a203070782030707820313270783b223e496e636c75646520612073656374696f6e207468617420616c6c6f777320796f7520746f207465726d696e6174652075736572206163636f756e747320696e20746865206576656e74206f66206162757365732c206f7220756e64657220616e792063697263756d7374616e6365732c20796f75207769736820746f20696e636c7564652e3c2f6c693e3c6c69207374796c653d226d617267696e3a203070782030707820313270783b223e546869732061677265656d656e7420697320776865726520796f752063616e206d61696e7461696e20636f6e74726f6c206f76657220796f75722077656273697465206f72206170702c20736f206d616b65207375726520746f20696e636c75646520616e79206c696d69746174696f6e7320616e64207265737472696374696f6e73207468617420796f752077616e7420746f2062652061626c6520746f20656e666f7263652e3c2f6c693e3c2f756c3e, NULL, 1, 'Blog', NULL),
(5, 'Career', NULL, 0x3c756c207374796c653d22666f6e742d66616d696c793a206272616e646f6e2d746578743b20666f6e742d73697a653a20323270783b206261636b67726f756e642d636f6c6f723a20726762283235322c203235322c20323532293b223e3c6c69207374796c653d226c696e652d6865696768743a206e6f726d616c2021696d706f7274616e743b223e4a6f622053656172636820e2809420416d617a6f6ee2809973206361726565727320686f6d65207061676520626567696e73207769746820746865206a6f622073656172636820616e64206974e2809973206f6e65206f6620746865c2a06661737465737420616e6420636c65616e657374207365617263686573207765e280997665207365656e2c20657370656369616c6c79207768656e2074686579e28099766520676f742031362c3030302b206a6f62206f70656e696e67732e3c2f6c693e3c6c69207374796c653d226c696e652d6865696768743a206e6f726d616c2021696d706f7274616e743b223e50696f6e656572732053656374696f6e20e28094205468657920696e636c7564652061c2a03c6120687265663d2268747470733a2f2f7777772e616d617a6f6e2e6a6f62732f656e2f70696f6e656572732f22207374796c653d22637572736f723a20706f696e7465723b20636f6c6f723a207267622832372c203136322c20323133293b223e50696f6e656572732073656374696f6e3c2f613ec2a02870696374757265642062656c6f7729c2a077686963682062726965666c792070726f66696c65732036302b20416d617a6f6e20656d706c6f796565732073756368206173c2a03c6120687265663d2268747470733a2f2f7777772e616d617a6f6e2e6a6f62732f656e2f70696f6e656572732f74696666616e792d6e22207374796c653d22637572736f723a20706f696e7465723b20636f6c6f723a207267622832372c203136322c20323133293b223e54696666616e793c2f613e2e205468617420616c6f6e6520697320696d70726573736976652e20427574207468656e2065616368206f662074686f73652070726f66696c6573206c6561647320746f206a6f622066616d696c69657320616e64206a6f62207375622d66616d696c696573206d656e74696f6e6564206e6578742e3c2f6c693e3c6c69207374796c653d226c696e652d6865696768743a206e6f726d616c2021696d706f7274616e743b223e436f6d70726568656e73697665204a6f622046616d696c7920616e64205375622d4a6f622046616d696c79c2a03c6120687265663d22687474703a2f2f626c6f672e6f6e6769672e636f6d2f7461672f6d6963726f736974657322207461726765743d225f626c616e6b222072656c3d226e6f6f70656e6572206e6f726566657272657222207374796c653d22637572736f723a20706f696e7465723b20636f6c6f723a207267622832372c203136322c20323133293b223e4d6963726f73697465733c2f613ec2a0e28094c2a04576657279206465706172746d656e742c207465616d20616e64206c6f636174696f6e206170706561727320746f206265c2a0726570726573656e74656420627920697473206f776e2070616765732e20466f72206578616d706c652c20696620796f752076696577207468652050696f6e656572207061676520666f72c2a03c6120687265663d2268747470733a2f2f7777772e616d617a6f6e2e6a6f62732f656e2f70696f6e656572732f74696666616e792d6e22207374796c653d22637572736f723a20706f696e7465723b20636f6c6f723a207267622832372c203136322c20323133293b223e54696666616e793c2f613e2c20666f72206578616d706c652c20796f752063616e2073656520686f77207468697320776f726b732061732054696666616e7920686f6c64732061c2a03c6120687265663d2268747470733a2f2f7777772e616d617a6f6e2e6a6f62732f656e2f6a6f625f63617465676f726965732f70726f6a6563742d70726f6772616d2d70726f647563742d6d616e6167656d656e742d6e6f6e2d7465636822207374796c653d22637572736f723a20706f696e7465723b20636f6c6f723a207267622832372c203136322c20323133293b223e50726f6a6563742f50726f6772616d2f50726f64756374204d616e6167656d656e742d4e6f6e2d546563683c2f613ec2a0706f736974696f6e206f6e20746865c2a03c6120687265663d2268747470733a2f2f7777772e616d617a6f6e2e6a6f62732f656e2f627573696e6573735f63617465676f726965732f73656c6c65722d736572766963657322207374796c653d22637572736f723a20706f696e7465723b20636f6c6f723a207267622832372c203136322c20323133293b223e53656c6c6572205365727669636573c2a0c2a07465616d3c2f613ec2a02870696374757265642062656c6f7729c2a0696ec2a03c6120687265663d2268747470733a2f2f7777772e616d617a6f6e2e6a6f62732f656e2f6c6f636174696f6e732f73656174746c652d776122207374796c653d22637572736f723a20706f696e7465723b20636f6c6f723a207267622832372c203136322c20323133293b223e53656174746c653c2f613e2e205768656e20796f7520766965772074686f7365206a6f622066616d696c792f6d6963726f7369746520706167657320796f752077696c6c207479706963616c6c79207365652061206865726f207069656365206f66206d656469612c206465736372697074696f6e20616e64206c697374206f66206a6f62c2a06f70656e696e677320287769746820766f6c756d6529c2a072656c6174656420746f2074686520706f736974696f6e2c207465616d206f72206c6f636174696f6e2e20546869732069732071756974652061206665617420616e642070726f6261626c7920746865206d6f737420696d707265737369766520657865637574696f6e206f66206d6963726f736974652f6a6f622066616d696c79206c616e64696e67207061676573207765e280997665207365656e2e3c2f6c693e3c2f756c3e, NULL, 1, 'Career', NULL),
(6, 'Terms of use', NULL, 0x3c6832207374796c653d22666f6e742d66616d696c793a2047656f726769612c202671756f743b54696d6573204e657720526f6d616e2671756f743b2c2073657269663b20666f6e742d7765696768743a203630303b20636f6c6f723a207267622835312c2035312c203531293b206d617267696e3a2033307078203070783b223e3c7370616e2069643d22576861745f746f5f757365223e5768617420746f207573653c2f7370616e3e3c2f68323e3c6833207374796c653d22666f6e742d66616d696c793a2047656f726769612c202671756f743b54696d6573204e657720526f6d616e2671756f743b2c2073657269663b20666f6e742d7765696768743a203630303b20636f6c6f723a207267622835312c2035312c203531293b206d617267696e3a2033307078203070783b223e3c7370616e2069643d22415f73696e676c655f61677265656d656e745f6f725f7365706172617465223e412073696e676c652061677265656d656e74206f722073657061726174653c2f7370616e3e3c2f68333e3c70207374796c653d226d617267696e2d626f74746f6d3a20323570783b20636f6c6f723a207267622835312c2035312c203531293b20666f6e742d66616d696c793a2047656f726769612c202671756f743b54696d6573204e657720526f6d616e2671756f743b2c2073657269663b20666f6e742d73697a653a20313870783b223e496620796f75e28099726520676f696e6720746f206861766520626f7468206c6567616c2061677265656d656e747320e28093206f6e65205072697661637920506f6c6963792061677265656d656e7420616e64206f6e65205465726d732026616d703b20436f6e646974696f6e732061677265656d656e7420e2809320616c77617973206b656570207468656d2073657061726174652e3c2f703e3c70207374796c653d226d617267696e2d626f74746f6d3a20323570783b20636f6c6f723a207267622835312c2035312c203531293b20666f6e742d66616d696c793a2047656f726769612c202671756f743b54696d6573204e657720526f6d616e2671756f743b2c2073657269663b20666f6e742d73697a653a20313870783b223e5768696c6520626f74682061677265656d656e74732063616e207265666572656e63652065616368206f746865722c20616e6420746865205426616d703b432061677265656d656e742063616e206861766520612073656374696f6e2072656c6174696e6720746f2070726976616379202877686963682073686f756c64206c696e6b20746f20746865205072697661637920506f6c696379292c20796f752073686f756c6420637265617465266e6273703b3c7370616e207374796c653d22666f6e742d7765696768743a203730303b223e74776f2073657061726174653c2f7370616e3e266e6273703b6c6567616c2061677265656d656e74732e3c2f703e3c70207374796c653d226d617267696e2d626f74746f6d3a20323570783b20636f6c6f723a207267622835312c2035312c203531293b20666f6e742d66616d696c793a2047656f726769612c202671756f743b54696d6573204e657720526f6d616e2671756f743b2c2073657269663b20666f6e742d73697a653a20313870783b223e52656d656d6265722074686174206974e280997320616c736f2072657175697265642062792043616c4f50504120746f20686176652074686520776f726420e2809c507269766163792ce2809d20627574206b656570696e672074686573652061677265656d656e747320736570617261746564206d616b65732069742065617369657220666f7220757365727320746f2062726f77736520626f7468206c6567616c2061677265656d656e747320616e6420746f20756e6465727374616e64207468617420746865726520617265206d756c7469706c65206c6567616c2061677265656d656e747320746f206265206177617265206f662e3c2f703e3c70207374796c653d226d617267696e2d626f74746f6d3a20323570783b20636f6c6f723a207267622835312c2035312c203531293b20666f6e742d66616d696c793a2047656f726769612c202671756f743b54696d6573204e657720526f6d616e2671756f743b2c2073657269663b20666f6e742d73697a653a20313870783b223e48657265e280997320746865206c697374206f662073656374696f6e7320696e20746865205465726d7320616e6420436f6e646974696f6e732061677265656d656e74206f66266e6273703b3c6120687265663d22687474703a2f2f7777772e6f706f646f2e636f6d2f7465726d735f636f6e646974696f6e732f22207374796c653d22636f6c6f723a2072676228302c2038332c20313637293b223e4f706f646f3c2f613e3a3c2f703e, NULL, 1, 'Terms of use', 'terms'),
(7, 'Groceries', NULL, 0x3c6833207374796c653d22666f6e742d66616d696c793a2047656f726769612c20222074696d65733d2222206e65773d222220726f6d616e222c3d22222073657269663b3d222220666f6e742d7765696768743a3d2222203630303b3d222220636f6c6f723a3d2222207267622835312c3d22222035312c3d2222203531293b3d2222206d617267696e3a3d222220333070783d2222203070783b223d22223e3c70207374796c653d226d617267696e2d626f74746f6d3a20323570783b20636f6c6f723a207267622835312c2035312c203531293b20666f6e742d66616d696c793a2047656f726769612c202671756f743b54696d6573204e657720526f6d616e2671756f743b2c2073657269663b20666f6e742d73697a653a20313870783b223e41205465726d7320616e6420436f6e646974696f6e73206973206e6f74207265717569726564206279206c61772c20756e6c696b652061205072697661637920506f6c6963792c20627574206974e280997320686967686c79207265636f6d6d656e64656420746f2068617665206f6e6520617320796f752063616e2070726576656e74206162757365732068617070656e696e6720746f20796f75722077656273697465206f72206d6f62696c65206170702c20616e6420746f266e6273703b3c6120687265663d2268747470733a2f2f7465726d73666565642e636f6d2f626c6f672f64726166742d6c696d69746174696f6e2d6578636c7573696f6e2d6c696162696c6974792d636c61757365732f22207374796c653d22636f6c6f723a2072676228302c2038332c20313637293b223e6c696d697420796f7572206f776e206c696162696c6974793c2f613e266e6273703b617320746865206f776e6572206f6620746865206f6e6c696e6520627573696e6573732e3c2f703e3c70207374796c653d226d617267696e2d626f74746f6d3a20323570783b20636f6c6f723a207267622835312c2035312c203531293b20666f6e742d66616d696c793a2047656f726769612c202671756f743b54696d6573204e657720526f6d616e2671756f743b2c2073657269663b20666f6e742d73697a653a20313870783b223e576974686f75742074686973206b696e64206f662061677265656d656e7420696e20706c6163652c20616e6420776974686f7574206974206265696e672070726f7065726c7920656e666f726365642c207468657265e2809973206e6f2077617920666f7220796f752063616e206c6567616c6c79206c696d6974206f7220636f6e74726f6c20686f7720616e796f6e652063616e20757365206f722063616ee28099742075736520796f75722077656273697465206f72206170702e3c2f703e3c70207374796c653d226d617267696e2d626f74746f6d3a20323570783b20636f6c6f723a207267622835312c2035312c203531293b20666f6e742d66616d696c793a2047656f726769612c202671756f743b54696d6573204e657720526f6d616e2671756f743b2c2073657269663b20666f6e742d73697a653a20313870783b223e497373756573206f6620636f7079726967687420696e6672696e67656d656e742063616e20617070656172206966207573657273206d616b6520757365206f6620796f757220636f6e74656e7420776974686f757420796f7572207065726d697373696f6e206f7220697373756573206f6620616275736573207375636820617320736f6d656f6e65207370616d6d696e67206f74686572207573657273206f7220706f7374696e6720646566616d61746f727920636f6e74656e74206f6e20796f757220776562736974652e3c2f703e3c70207374796c653d226d617267696e2d626f74746f6d3a20323570783b20636f6c6f723a207267622835312c2035312c203531293b20666f6e742d66616d696c793a2047656f726769612c202671756f743b54696d6573204e657720526f6d616e2671756f743b2c2073657269663b20666f6e742d73697a653a20313870783b223e41205465726d732026616d703b20436f6e646974696f6e732061677265656d656e74206c65747320796f7520696e636c756465206c616e677561676520746f20666f7262696420737563682061637469766974792c20616e642063616e20616c736f2070726f7669646520612072656d656479202873756368206173206163636f756e74732064656c6574696f6e2920696e20746865206576656e742074686573652061627573657320646f206f636375722e3c2f703e3c70207374796c653d226d617267696e2d626f74746f6d3a20323570783b20636f6c6f723a207267622835312c2035312c203531293b20666f6e742d66616d696c793a2047656f726769612c202671756f743b54696d6573204e657720526f6d616e2671756f743b2c2073657269663b20666f6e742d73697a653a20313870783b223e4974e280997320686967686c79207265636f6d6d656e6465642074686174206f6e6c696e6520627573696e65737320287265676172646c6573732069662074686579206f706572617465206a75737420612073696d706c652077656273697465206f7220612073696d706c65206d6f62696c652061707029207468617420616c6c6f77206f7220726571756972652061207573657220746f20726567697374657220666f7220616e206163636f756e74206861766520746869732061677265656d656e7420696e20706c61636520616e642070726573656e7420697420746f207573657273206174207468652074696d65206f66207468656972206163636f756e7420726567697374726174696f6e2e3c2f703e3c2f68333e, NULL, 1, 'Groceries', NULL),
(8, 'Privacy and Policy', NULL, 0x3c6832207374796c653d22666f6e742d66616d696c793a2047656f726769612c202671756f743b54696d6573204e657720526f6d616e2671756f743b2c2073657269663b20666f6e742d7765696768743a203630303b20636f6c6f723a207267622835312c2035312c203531293b206d617267696e3a2033307078203070783b223e3c7370616e2069643d225468655f61677265656d656e7473223e5468652061677265656d656e74733c2f7370616e3e3c2f68323e3c6833207374796c653d22666f6e742d66616d696c793a2047656f726769612c202671756f743b54696d6573204e657720526f6d616e2671756f743b2c2073657269663b20666f6e742d7765696768743a203630303b20636f6c6f723a207267622835312c2035312c203531293b206d617267696e3a2033307078203070783b223e3c7370616e2069643d225768617438323137735f615f507269766163795f506f6c696379223e57686174e28099732061205072697661637920506f6c6963793c2f7370616e3e3c2f68333e3c70207374796c653d226d617267696e2d626f74746f6d3a20323570783b20636f6c6f723a207267622835312c2035312c203531293b20666f6e742d66616d696c793a2047656f726769612c202671756f743b54696d6573204e657720526f6d616e2671756f743b2c2073657269663b20666f6e742d73697a653a20313870783b223e496620796f75722077656273697465206f722061707020287265676172646c657373206966206974e28099732061206d6f62696c6520617070206f722061206465736b746f70206170702920636f6c6c6563747320616e64207573657320616e79206b696e64206f6620706572736f6e616c20696e666f726d6174696f6e2066726f6d2075736572732c20796f75e280997265207265717569726564206279206c617720746f206861766520746865205072697661637920506f6c6963792061677265656d656e7420616e64206d616b6520697420617661696c61626c6520746f20796f75722075736572732c2070726566657261626c79206265666f72652074686579207374617274207573696e6720796f75722077656273697465206f72206170702e3c2f703e3c70207374796c653d226d617267696e2d626f74746f6d3a20323570783b20636f6c6f723a207267622835312c2035312c203531293b20666f6e742d66616d696c793a2047656f726769612c202671756f743b54696d6573204e657720526f6d616e2671756f743b2c2073657269663b20666f6e742d73697a653a20313870783b223ee2809c3c656d3e506572736f6e616c20696e666f726d6174696f6e3c2f656d3ee2809d2063616e20696e636c75646520616e7920696e666f726d6174696f6e20746861742063616e206265207573656420746f206964656e7469667920616e20696e646976696475616c2c20737563682061732061206e616d652c20656d61696c20616464726573732c206d61696c696e6720616464726573732c206269727468646174652c20495020616464726573732c206574632e3c2f703e, NULL, 1, 'Privacy and Policy', 'privacy-policy'),
(9, 'test sort', NULL, 0x3c703e7465737420736f72743c2f703e, NULL, 1, 'test sort', NULL),
(10, 'test test dfasdf 23453276-098765!@#$%^&*()\';/.,\":?><', NULL, 0x3c703e746573743c2f703e, NULL, 2, 'test test dfasdf 23453276-098765!@#$%^&*()\';/.,\":?><', NULL);

-- --------------------------------------------------------

--
-- Table structure for table `gr_country`
--

CREATE TABLE `gr_country` (
  `id` int(10) NOT NULL,
  `co_name` varchar(255) DEFAULT NULL,
  `co_name_ar` varchar(100) CHARACTER SET utf8 DEFAULT NULL,
  `co_code` varchar(10) NOT NULL,
  `co_curcode` varchar(100) NOT NULL,
  `co_cursymbol` varchar(10) CHARACTER SET utf8 NOT NULL,
  `co_dialcode` varchar(100) NOT NULL,
  `default_counrty` enum('0','1') NOT NULL COMMENT '0-none,1-default',
  `co_status` enum('0','1','2') NOT NULL DEFAULT '1' COMMENT '0-block,1-active,2-delete'
) ENGINE=InnoDB DEFAULT CHARSET=latin1;

--
-- Dumping data for table `gr_country`
--

INSERT INTO `gr_country` (`id`, `co_name`, `co_name_ar`, `co_code`, `co_curcode`, `co_cursymbol`, `co_dialcode`, `default_counrty`, `co_status`) VALUES
(1, 'India', NULL, 'IN', 'INR', 'RS', '+91', '0', '1'),
(2, 'United States', NULL, 'US', 'USD', '$', '+1', '0', '2'),
(3, 'United States', NULL, 'US', 'USD', '$', '+1', '1', '1');

-- --------------------------------------------------------

--
-- Table structure for table `gr_currency_values`
--

CREATE TABLE `gr_currency_values` (
  `cur_id` int(10) NOT NULL,
  `cur_values` longtext CHARACTER SET utf8 NOT NULL,
  `cur_created_date` datetime NOT NULL,
  `cur_updated_date` datetime NOT NULL
) ENGINE=InnoDB DEFAULT CHARSET=latin1;

-- --------------------------------------------------------

--
-- Table structure for table `gr_customer`
--

CREATE TABLE `gr_customer` (
  `cus_id` int(10) NOT NULL,
  `cus_fname` varchar(100) NOT NULL,
  `cus_lname` varchar(100) DEFAULT NULL,
  `cus_email` varchar(255) NOT NULL,
  `cus_password` varchar(100) NOT NULL,
  `cus_decrypt_password` varchar(255) DEFAULT NULL,
  `cus_facebook_id` varchar(100) DEFAULT NULL,
  `cus_google_id` varchar(255) DEFAULT NULL,
  `cus_build_no` varchar(100) DEFAULT NULL,
  `cus_street` varchar(100) DEFAULT NULL,
  `cus_location` int(10) DEFAULT NULL,
  `cus_city` varchar(50) DEFAULT NULL,
  `cus_country` int(10) DEFAULT NULL,
  `cus_address` text,
  `cus_latitude` varchar(100) DEFAULT NULL,
  `cus_longitude` varchar(100) DEFAULT NULL,
  `cus_phone1` varchar(100) DEFAULT NULL,
  `cus_phone2` varchar(100) DEFAULT NULL,
  `cus_paypal_email` varchar(100) DEFAULT NULL,
  `cus_login_type` enum('1','2','3','4') NOT NULL COMMENT '1-normal,2-admin,3-facebook,4-google',
  `cus_status` enum('0','1','2') NOT NULL COMMENT '0-block,1-active,2-delete',
  `cus_image` varchar(255) DEFAULT NULL,
  `cus_paynamics_status` enum('Publish','Unpublish') DEFAULT 'Unpublish' COMMENT 'paynamic denotes stripe',
  `cus_paynamics_clientid` varchar(255) DEFAULT NULL COMMENT 'paynamic denotes stripe',
  `cus_paynamics_secretid` varchar(255) DEFAULT NULL COMMENT 'paynamic denotes stripe',
  `cus_paynamics_mode` enum('Live','Sandbox') DEFAULT NULL COMMENT 'paynamic denotes stripe',
  `cus_paymaya_status` enum('Publish','Unpublish') DEFAULT 'Unpublish' COMMENT 'paymaya denotes paypal',
  `cus_paymaya_clientid` varchar(255) DEFAULT NULL COMMENT 'paymaya denotes paypal',
  `cus_paymaya_secretid` varchar(255) DEFAULT NULL COMMENT 'paymaya denotes paypal',
  `cus_paymaya_mode` enum('Live','Sandbox') DEFAULT NULL COMMENT 'paymaya denotes paypal',
  `cus_netbank_status` enum('Publish','Unpublish') DEFAULT 'Unpublish',
  `cus_bank_accno` varchar(255) DEFAULT NULL,
  `cus_bank_name` varchar(255) DEFAULT NULL,
  `cus_branch` varchar(255) DEFAULT NULL,
  `cus_ifsc` varchar(255) DEFAULT NULL,
  `cus_created_date` date NOT NULL,
  `cus_updated_date` date DEFAULT NULL,
  `cus_read_status` int(11) NOT NULL DEFAULT '0',
  `cus_wallet` decimal(10,2) NOT NULL DEFAULT '0.00',
  `used_wallet` decimal(10,2) NOT NULL DEFAULT '0.00',
  `cus_referedBy` int(11) DEFAULT NULL,
  `mail_verify` smallint(2) NOT NULL DEFAULT '0' COMMENT '0-not verified,1-verified',
  `cus_andr_fcm_id` text,
  `cus_ios_fcm_id` text,
  `cus_logged_ip` varchar(255) NOT NULL,
  `cus_loggedin_time` datetime NOT NULL,
  `created_at` datetime DEFAULT NULL,
  `updated_at` datetime DEFAULT NULL
) ENGINE=InnoDB DEFAULT CHARSET=latin1;

--
-- Dumping data for table `gr_customer`
--

INSERT INTO `gr_customer` (`cus_id`, `cus_fname`, `cus_lname`, `cus_email`, `cus_password`, `cus_decrypt_password`, `cus_facebook_id`, `cus_google_id`, `cus_build_no`, `cus_street`, `cus_location`, `cus_city`, `cus_country`, `cus_address`, `cus_latitude`, `cus_longitude`, `cus_phone1`, `cus_phone2`, `cus_paypal_email`, `cus_login_type`, `cus_status`, `cus_image`, `cus_paynamics_status`, `cus_paynamics_clientid`, `cus_paynamics_secretid`, `cus_paynamics_mode`, `cus_paymaya_status`, `cus_paymaya_clientid`, `cus_paymaya_secretid`, `cus_paymaya_mode`, `cus_netbank_status`, `cus_bank_accno`, `cus_bank_name`, `cus_branch`, `cus_ifsc`, `cus_created_date`, `cus_updated_date`, `cus_read_status`, `cus_wallet`, `used_wallet`, `cus_referedBy`, `mail_verify`, `cus_andr_fcm_id`, `cus_ios_fcm_id`, `cus_logged_ip`, `cus_loggedin_time`, `created_at`, `updated_at`) VALUES
(1, 'mahesh', NULL, 'mahesh@pofitec.com', '49bb197bec17b7d20b2df6b1f3c3434a', 'mahesh', NULL, NULL, NULL, NULL, NULL, NULL, NULL, NULL, NULL, NULL, '+19789310461', NULL, NULL, '1', '1', NULL, 'Unpublish', NULL, NULL, NULL, 'Unpublish', NULL, NULL, NULL, 'Unpublish', NULL, NULL, NULL, NULL, '2019-03-09', NULL, 1, '0.00', '0.00', 0, 0, 'cE5Q9w5DT-o:APA91bFtwR08iH2F52qI0dVJhDdHQaTFagBTUzJF4J8XRGiGssPe_QHUaXMV40AOzZ75tDSaFPjFd-nJChdOaSPnAUxhVUP4et_V75x6UEF8oZBkD-UbLy8anAmyiGxdIeWXjlb0aBNn', NULL, '106.51.49.53', '2019-03-11 10:15:38', '2019-03-09 19:21:38', '2019-03-09 19:21:38'),
(2, 'John Mathew', NULL, 'john@gmail.com', '90a2f29b7fc2ea2bf43259fab8cd1222', 'vJB)l.', '2514879091915500', '111132541662552221368', NULL, NULL, NULL, NULL, NULL, 'SH 83A, Peranjervali, Tamil Nadu 638108, India', '11.0597789', '77.6287327', '9658251478', NULL, NULL, '3', '1', 'customer1552908620.jpg', 'Unpublish', '', '', 'Live', 'Publish', 'msmama', 'shshsjsjs', 'Live', 'Unpublish', '', '', '', '', '2019-03-09', '2019-03-18', 1, '0.00', '0.00', NULL, 0, NULL, NULL, '157.51.113.154', '2019-03-18 16:46:31', NULL, NULL),
(3, 'Manikandan P', NULL, 'manikandan@pofitec.com', '', NULL, NULL, '115451565422662898837', NULL, NULL, NULL, NULL, NULL, NULL, NULL, NULL, NULL, NULL, NULL, '4', '1', NULL, 'Unpublish', NULL, NULL, NULL, 'Unpublish', NULL, NULL, NULL, 'Unpublish', NULL, NULL, NULL, NULL, '2019-03-11', NULL, 1, '0.00', '0.00', NULL, 0, NULL, NULL, '', '0000-00-00 00:00:00', NULL, NULL),
(4, 'Suganya T', NULL, 'suganya.t@pofitec.com', '673dda0f964849f3a5f16f03dde7e545', 'u!ZtxG', NULL, '12345678912345672311', NULL, NULL, NULL, NULL, NULL, NULL, NULL, NULL, NULL, NULL, NULL, '4', '1', NULL, 'Unpublish', '', '', 'Live', 'Publish', 'ydfvyt', 'ggghh fg', 'Live', 'Unpublish', '', '', '', '', '2019-03-11', '2019-03-14', 1, '0.00', '0.00', NULL, 0, NULL, NULL, '192.168.0.65', '2019-04-05 18:01:36', NULL, NULL),
(5, 'Nagoor Sikkander', NULL, 'nagoor@pofitec.com', '', NULL, '364470967738714', NULL, NULL, NULL, NULL, NULL, NULL, NULL, NULL, NULL, NULL, NULL, NULL, '3', '1', NULL, 'Unpublish', NULL, NULL, NULL, 'Unpublish', NULL, NULL, NULL, 'Unpublish', NULL, NULL, NULL, NULL, '2019-03-11', NULL, 1, '0.00', '0.00', NULL, 0, NULL, NULL, '', '0000-00-00 00:00:00', NULL, NULL),
(6, 'Vinod Vinod', NULL, 'test21689@gmail.com', '', NULL, '2243173532569686', NULL, NULL, NULL, NULL, NULL, NULL, NULL, NULL, NULL, NULL, NULL, NULL, '3', '1', NULL, 'Unpublish', NULL, NULL, NULL, 'Unpublish', NULL, NULL, NULL, 'Unpublish', NULL, NULL, NULL, NULL, '2019-03-11', NULL, 1, '0.00', '0.00', NULL, 0, NULL, NULL, '', '0000-00-00 00:00:00', NULL, NULL),
(7, 'ish1', NULL, 'ishaa@gmail.com', '6aca4053faeb36da0cf94aca1bd89d77', 'Tester123', NULL, NULL, NULL, NULL, NULL, NULL, NULL, NULL, NULL, NULL, '+198754620', NULL, NULL, '1', '1', NULL, 'Unpublish', NULL, NULL, NULL, 'Unpublish', NULL, NULL, NULL, 'Unpublish', NULL, NULL, NULL, NULL, '2019-03-12', NULL, 1, '0.00', '0.00', 0, 0, NULL, NULL, '', '0000-00-00 00:00:00', NULL, NULL),
(8, 'GD Venugopal', NULL, 'venugopal@pofitec.com', '', NULL, NULL, '114634821662074458101', NULL, NULL, NULL, NULL, NULL, NULL, NULL, NULL, NULL, NULL, NULL, '4', '1', NULL, 'Unpublish', NULL, NULL, NULL, 'Unpublish', NULL, NULL, NULL, 'Unpublish', NULL, NULL, NULL, NULL, '2019-03-12', NULL, 1, '0.00', '0.00', NULL, 0, NULL, NULL, '', '0000-00-00 00:00:00', NULL, NULL),
(9, 'Ishwarya N', NULL, 'ishwarya@pofitec.com', '', NULL, NULL, '102999922043198377531', NULL, NULL, NULL, NULL, NULL, NULL, NULL, NULL, NULL, NULL, NULL, '4', '1', NULL, 'Unpublish', NULL, NULL, NULL, 'Unpublish', NULL, NULL, NULL, 'Unpublish', NULL, NULL, NULL, NULL, '2019-03-13', NULL, 1, '0.00', '0.00', NULL, 0, NULL, NULL, '', '0000-00-00 00:00:00', NULL, NULL),
(10, 'refer', NULL, 'refermail1@mailinator.com', 'e10adc3949ba59abbe56e057f20f883e', '123456', NULL, NULL, NULL, NULL, NULL, NULL, NULL, NULL, NULL, NULL, '+145435435436', NULL, NULL, '1', '1', NULL, 'Unpublish', NULL, NULL, NULL, 'Unpublish', NULL, NULL, NULL, 'Unpublish', NULL, NULL, NULL, NULL, '2019-03-14', NULL, 1, '0.00', '0.00', 0, 0, NULL, NULL, '', '0000-00-00 00:00:00', NULL, NULL),
(11, 'refer2', NULL, 'refermail2@mailinator.com', 'e10adc3949ba59abbe56e057f20f883e', '123456', NULL, NULL, NULL, NULL, NULL, NULL, NULL, NULL, NULL, NULL, '+143253543', NULL, NULL, '1', '1', NULL, 'Unpublish', NULL, NULL, NULL, 'Unpublish', NULL, NULL, NULL, 'Unpublish', NULL, NULL, NULL, NULL, '2019-03-14', NULL, 1, '0.00', '0.00', 0, 0, NULL, NULL, '', '0000-00-00 00:00:00', NULL, NULL),
(12, 'VIJAYAPRAKASH', NULL, 'pjvijaypvp@gmail.com', 'e10adc3949ba59abbe56e057f20f883e', '123456', NULL, NULL, NULL, NULL, NULL, NULL, NULL, NULL, NULL, NULL, '+19488688286', NULL, NULL, '1', '1', NULL, 'Unpublish', NULL, NULL, NULL, 'Unpublish', NULL, NULL, NULL, 'Unpublish', NULL, NULL, NULL, NULL, '2019-03-18', NULL, 1, '0.00', '0.00', 0, 0, 'cmv3RfJIXko:APA91bEyu2TRuVtURePBHNtvu5teF6VBBv-ylqg2xhDfdrGCC7CpD6IQEzAcbVp6xZbAnhe5eLLJrscqj-NVpHBxMwL9dx4LMODwocHVROIGU_4sLbya5HQhvNFwmwLnKUOlqtaJM9f1', NULL, '157.50.250.169', '2019-03-21 05:03:09', '2019-03-18 18:21:20', '2019-03-18 18:21:20'),
(13, 'karthik sv', NULL, 'karthikgipi@gmail.com', '420b8b3e81c384bd125357879f3c35a5', 'pgicl9092', NULL, NULL, NULL, NULL, NULL, NULL, NULL, NULL, NULL, NULL, '+19688114012', NULL, NULL, '1', '1', NULL, 'Unpublish', NULL, NULL, NULL, 'Unpublish', NULL, NULL, NULL, 'Unpublish', NULL, NULL, NULL, NULL, '2019-03-18', NULL, 1, '0.00', '0.00', 0, 0, NULL, NULL, '', '0000-00-00 00:00:00', '2019-03-18 18:23:53', '2019-03-18 18:23:53'),
(14, 'Vignesh kumar', NULL, '48vikki@gmail.com', 'afae823d467ab1ae8abc72420306d81f', 'vikki@48#', NULL, NULL, NULL, NULL, NULL, NULL, NULL, NULL, NULL, NULL, '+1+919790119487', NULL, NULL, '1', '1', NULL, 'Unpublish', NULL, NULL, NULL, 'Unpublish', NULL, NULL, NULL, 'Unpublish', NULL, NULL, NULL, NULL, '2019-03-18', NULL, 1, '0.00', '0.00', 0, 0, 'eBq5NjWEJDo:APA91bFYgCZrRQEudTNUl4EDYFClhO_ezpGgiPZzXs-V8so3WZAWlGcavVkJIb_X1_42_x4TXbqN3kxrBhovymSjWa9W0Qc4S-ROPEQdIJEIFyyVu62uyQ-4ud3rrFsPAoEqcjy4nTA6', NULL, '', '0000-00-00 00:00:00', '2019-03-18 20:32:06', '2019-03-18 20:32:06'),
(15, 'Manikandan samy', NULL, 'mani.visolve@gmail.com', '88b4f610d891c3468e3db9b90309eb22', 'd^Q#lq', '2514879091915500', '111132541662552221368', NULL, NULL, NULL, NULL, NULL, '11/4, Neelikonampalayam, Coimbatore, Tamil Nadu 641033, India', '11.0143689', '77.0326328', '9659262318', NULL, NULL, '4', '1', 'customer1552923773.jpg', 'Unpublish', NULL, NULL, NULL, 'Unpublish', NULL, NULL, NULL, 'Unpublish', NULL, NULL, NULL, NULL, '2019-03-18', NULL, 1, '0.00', '0.00', NULL, 0, NULL, NULL, '106.51.49.53', '2019-03-20 16:02:55', NULL, NULL),
(16, 'Preethi Suresh', NULL, 'test@gmail.com', '474c5837eec0e9dd74f180de3f137226', ':vigFX', NULL, NULL, NULL, NULL, NULL, NULL, NULL, NULL, NULL, NULL, NULL, NULL, NULL, '3', '1', NULL, 'Unpublish', NULL, NULL, NULL, 'Unpublish', NULL, NULL, NULL, 'Unpublish', NULL, NULL, NULL, NULL, '2019-03-19', NULL, 1, '0.00', '0.00', NULL, 0, NULL, NULL, '157.51.72.133', '2019-03-19 10:38:34', NULL, NULL),
(17, 'pofi tec', NULL, 'pofitecteam@gmail.com', 'd5534b9d98501ede54a32e032d7e8fe8', 'nU)MsR', NULL, '105306807562955204240', NULL, NULL, NULL, NULL, NULL, NULL, NULL, NULL, NULL, NULL, NULL, '4', '1', NULL, 'Unpublish', NULL, NULL, NULL, 'Unpublish', NULL, NULL, NULL, 'Unpublish', NULL, NULL, NULL, NULL, '2019-03-19', NULL, 1, '0.00', '0.00', NULL, 0, NULL, NULL, '51.36.29.157', '2019-03-25 21:06:30', NULL, NULL),
(18, 'POFI Android', NULL, 'mobileapp.pofi@gmail.com', '541f0c36b75204f1d1cd327485cf6b70', 'Dwq9zS', NULL, NULL, NULL, NULL, NULL, NULL, NULL, NULL, NULL, NULL, NULL, NULL, NULL, '4', '1', NULL, 'Unpublish', NULL, NULL, NULL, 'Unpublish', NULL, NULL, NULL, 'Unpublish', NULL, NULL, NULL, NULL, '2019-03-19', NULL, 1, '0.00', '0.00', NULL, 0, NULL, NULL, '106.51.49.53', '2019-03-19 13:06:26', NULL, NULL),
(19, 'ishwarya', NULL, 'ishwarya@mailinator.com', '6aca4053faeb36da0cf94aca1bd89d77', 'Tester123', NULL, NULL, NULL, NULL, NULL, NULL, NULL, NULL, NULL, NULL, '+1987412580', NULL, NULL, '1', '1', NULL, 'Unpublish', NULL, NULL, NULL, 'Unpublish', NULL, NULL, NULL, 'Unpublish', NULL, NULL, NULL, NULL, '2019-03-19', NULL, 1, '0.00', '0.00', 0, 0, 'cEnTyjd68N8:APA91bFDfzNhVcp8ZXdyhw5Bj4HCZm-a-Rm44hGM7gD2D1H_qjnbm3RPuZjSsrt9anPKx6PMXqMCvicIkTTLJsqhQ4UPg8dpNZsjVGKxKr8x6YFgYL1MtOxSLTvE0qMbctR1R-TdYV2U', NULL, '157.46.82.7', '2019-03-19 14:45:30', '2019-03-19 13:21:04', '2019-03-19 13:21:04'),
(20, 'ELANGO', NULL, 'elangop867@gmail.com', 'e10adc3949ba59abbe56e057f20f883e', '123456', NULL, NULL, NULL, NULL, NULL, NULL, NULL, NULL, NULL, NULL, '+16381194278', NULL, NULL, '1', '1', NULL, 'Unpublish', NULL, NULL, NULL, 'Unpublish', NULL, NULL, NULL, 'Unpublish', NULL, NULL, NULL, NULL, '2019-03-21', NULL, 1, '0.00', '0.00', 0, 0, NULL, NULL, '', '0000-00-00 00:00:00', NULL, NULL),
(21, 'Thangaraj', NULL, 'kvsvkasa@gmail.com', 'e10adc3949ba59abbe56e057f20f883e', '123456', NULL, NULL, NULL, NULL, NULL, NULL, NULL, NULL, NULL, NULL, '+18248436328', NULL, NULL, '1', '1', NULL, 'Unpublish', NULL, NULL, NULL, 'Unpublish', NULL, NULL, NULL, 'Unpublish', NULL, NULL, NULL, NULL, '2019-03-22', NULL, 1, '0.00', '0.00', 0, 0, NULL, NULL, '', '0000-00-00 00:00:00', NULL, NULL),
(22, 'zain', NULL, 'zain@zallos.ph', '5d32bf78328d394a55178dd18094c4a8', 'User40801y', NULL, NULL, NULL, NULL, NULL, NULL, NULL, NULL, NULL, NULL, '+1920369943', NULL, NULL, '1', '2', NULL, 'Unpublish', NULL, NULL, NULL, 'Unpublish', NULL, NULL, NULL, 'Unpublish', NULL, NULL, NULL, NULL, '2019-03-25', NULL, 1, '0.00', '0.00', 0, 0, 'cGMMgRGKmRE:APA91bG5oU16djoXEKLS3hnRjlY2QN4q_dYZR3R6NuSlaVzcpOqATG5gBp-9U1Ort34DuJS2Y1tvcBOzYVABX1gIKvVT4pB6s-5SoUg8ulZehZI5GOkLWEHM_KOBxG52cmHUEkeD-m-i', NULL, '', '0000-00-00 00:00:00', '2019-03-25 20:36:20', '2019-03-25 20:36:20'),
(23, 'zain', NULL, 'zain_tuahan@yahoo.com', '55f7a8c8acbd3b2b6513c3180a9a46ba', 'User408016', NULL, NULL, NULL, NULL, NULL, NULL, NULL, NULL, NULL, NULL, '+1935435730', NULL, NULL, '1', '1', NULL, 'Unpublish', NULL, NULL, NULL, 'Unpublish', NULL, NULL, NULL, 'Unpublish', NULL, NULL, NULL, NULL, '2019-03-25', NULL, 1, '0.00', '0.00', 0, 0, 'cGMMgRGKmRE:APA91bG5oU16djoXEKLS3hnRjlY2QN4q_dYZR3R6NuSlaVzcpOqATG5gBp-9U1Ort34DuJS2Y1tvcBOzYVABX1gIKvVT4pB6s-5SoUg8ulZehZI5GOkLWEHM_KOBxG52cmHUEkeD-m-i', NULL, '', '0000-00-00 00:00:00', '2019-03-25 20:59:57', '2019-03-25 20:59:57'),
(24, 'khraw', NULL, 'khrawkupar335@gmail.com', '19d869499c80d38493631613931c01c2', 'khrawkupar335@', NULL, NULL, NULL, NULL, NULL, NULL, NULL, NULL, NULL, NULL, '+17005629180', NULL, NULL, '1', '1', NULL, 'Unpublish', NULL, NULL, NULL, 'Unpublish', NULL, NULL, NULL, 'Unpublish', NULL, NULL, NULL, NULL, '2019-03-27', NULL, 1, '0.00', '0.00', 0, 0, 'e8VKVhmFsx4:APA91bGbEbXsIYl76jjquwdbjVfZoAr1dqRp6PM1Q0Lv9MRm8-q7kijrK6QsD_avUWC5prWSiUBI8gwtUgrhxtoyW371H7bnFlI2c_OijN-J-RpyWZ7K4nIQ3sKH7OD-Ue-xKOh13atw', NULL, '', '0000-00-00 00:00:00', '2019-03-27 16:33:11', '2019-03-27 16:33:11'),
(25, 'lakshmi', NULL, 'lakshmi@pofitec.com', '738416f8d05fbdfb686dd8fcfa01cbdc', 'pofitec', NULL, NULL, NULL, NULL, NULL, NULL, NULL, NULL, NULL, NULL, '+1976464946', NULL, NULL, '1', '1', NULL, 'Unpublish', NULL, NULL, NULL, 'Unpublish', NULL, NULL, NULL, 'Unpublish', NULL, NULL, NULL, NULL, '2019-03-27', NULL, 1, '0.00', '0.00', 0, 0, 'crij8PNsa_o:APA91bGB3UkRjZrhwLGsSJoIf0yqlRw7_loV2YJejhyN94-4UnpmSjgXUeiK2K9rklKPxQn1YhtLuGW35F9ZI944X8eVkCq3LVt7YPbvWJTVfnVfnq3cNMyfCekHIWCMXTqYwC0yMj14', NULL, '', '0000-00-00 00:00:00', '2019-03-27 17:28:50', '2019-03-27 17:28:50'),
(26, 'saran', NULL, 'saran@mailinator.com', 'fcea920f7412b5da7be0cf42b8c93759', '1234567', NULL, NULL, NULL, NULL, NULL, NULL, NULL, '63700 Ars-les-Favets, France', '46.15242437752303', '2.7470703125', '+1345464', '+1', NULL, '1', '1', NULL, 'Unpublish', NULL, NULL, NULL, 'Unpublish', NULL, NULL, NULL, 'Unpublish', NULL, NULL, NULL, NULL, '2019-04-02', NULL, 0, '0.00', '0.00', 0, 0, NULL, NULL, '', '0000-00-00 00:00:00', NULL, NULL);

-- --------------------------------------------------------

--
-- Table structure for table `gr_delboy_commission`
--

CREATE TABLE `gr_delboy_commission` (
  `id` int(10) NOT NULL,
  `delboy_id` int(10) NOT NULL,
  `commission_paid` decimal(10,2) NOT NULL,
  `amount_received` decimal(10,2) NOT NULL,
  `commission_currency` varchar(255) CHARACTER SET utf8 NOT NULL,
  `commission_status` int(10) NOT NULL COMMENT '1-Pending,2-Success,3-Failed',
  `transaction_id` varchar(100) NOT NULL,
  `pay_type` int(1) NOT NULL COMMENT '0-Net banking,1-Paypal,2-Stripe',
  `commission_date` datetime NOT NULL
) ENGINE=InnoDB DEFAULT CHARSET=latin1;

-- --------------------------------------------------------

--
-- Table structure for table `gr_delivery_manager`
--

CREATE TABLE `gr_delivery_manager` (
  `dm_id` int(11) NOT NULL,
  `dm_name` varchar(255) NOT NULL,
  `dm_email` varchar(255) NOT NULL,
  `dm_password` varchar(100) NOT NULL,
  `dm_real_password` varchar(50) NOT NULL,
  `dm_imge` varchar(255) DEFAULT NULL,
  `dm_phone` varchar(100) DEFAULT NULL,
  `dm_status` enum('0','1','2') NOT NULL DEFAULT '1' COMMENT '0-block,1-active,2-delete',
  `dm_customer_rating` enum('1','0') NOT NULL COMMENT '1-Enable,0-Disable',
  `dm_commission_status` enum('0','1') NOT NULL COMMENT '0-Disable,1-Enable',
  `dm_cust_data_protect` enum('1','0') NOT NULL COMMENT '1-Enable,0-Disable',
  `dm_delivery_type` enum('auto','manual') NOT NULL,
  `dm_read_status` int(11) NOT NULL
) ENGINE=InnoDB DEFAULT CHARSET=latin1;

--
-- Dumping data for table `gr_delivery_manager`
--

INSERT INTO `gr_delivery_manager` (`dm_id`, `dm_name`, `dm_email`, `dm_password`, `dm_real_password`, `dm_imge`, `dm_phone`, `dm_status`, `dm_customer_rating`, `dm_commission_status`, `dm_cust_data_protect`, `dm_delivery_type`, `dm_read_status`) VALUES
(1, 'Admin Delivery Manager', 'admindelivery@mailinator.com', 'e10adc3949ba59abbe56e057f20f883e', '123456', 'manager1552291549.jpg', '+1653323', '1', '1', '0', '1', 'auto', 0);

-- --------------------------------------------------------

--
-- Table structure for table `gr_delivery_member`
--

CREATE TABLE `gr_delivery_member` (
  `deliver_id` int(10) NOT NULL,
  `deliver_agent_id` int(11) DEFAULT NULL,
  `deliver_fname` varchar(100) NOT NULL,
  `deliver_lname` varchar(100) DEFAULT NULL,
  `deliver_email` varchar(255) NOT NULL,
  `deliver_password` varchar(100) NOT NULL,
  `deliver_decrypt_password` varchar(255) DEFAULT NULL,
  `deliver_phone1` varchar(100) NOT NULL,
  `deliver_phone2` varchar(100) DEFAULT NULL,
  `deliver_state` varchar(100) DEFAULT NULL,
  `deliver_location` text,
  `deliver_city` varchar(255) DEFAULT NULL,
  `deliver_country` varchar(255) DEFAULT NULL,
  `deliver_response_time` time DEFAULT NULL,
  `deliver_currency_code` char(3) CHARACTER SET utf8 NOT NULL,
  `deliver_base_fare` decimal(10,2) NOT NULL DEFAULT '0.00',
  `deliver_fare_type` enum('per_km','per_min') NOT NULL DEFAULT 'per_km',
  `deliver_perkm_charge` decimal(10,2) DEFAULT NULL,
  `deliver_permin_charge` decimal(10,2) DEFAULT NULL,
  `deliver_availfrom` time DEFAULT NULL,
  `deliver_availto` time DEFAULT NULL,
  `deliver_avail_status` enum('1','2','3') NOT NULL DEFAULT '2' COMMENT '1-available,2-busy,3-unavailable',
  `deliver_profile_image` varchar(100) DEFAULT NULL,
  `deliver_licence` varchar(255) DEFAULT NULL,
  `deliver_address_proof` varchar(255) DEFAULT NULL,
  `deliver_vehicle_details` varchar(255) DEFAULT NULL,
  `deliver_status` enum('0','1','2') NOT NULL COMMENT '0-block,1-active,2-delete',
  `deliver_read_status` int(11) NOT NULL DEFAULT '0',
  `deliver_order_limit` int(11) DEFAULT '0',
  `deliver_added_by` enum('0','1') NOT NULL DEFAULT '0' COMMENT '0 - admin, 1- self',
  `deliver_created_at` datetime DEFAULT NULL,
  `deliver_updated_at` datetime DEFAULT NULL,
  `deliver_latitude` varchar(100) DEFAULT NULL,
  `deliver_longitude` varchar(100) DEFAULT NULL,
  `deliver_assignedby` varchar(255) DEFAULT NULL,
  `deliver_stripe_status` enum('Publish','Unpublish') DEFAULT 'Unpublish',
  `deliver_stripe_clientid` varchar(255) DEFAULT NULL,
  `deliver_stripe_secretid` varchar(255) DEFAULT NULL,
  `deliver_paypal_status` enum('Publish','Unpublish') DEFAULT 'Unpublish',
  `deliver_paypal_clientid` varchar(255) DEFAULT NULL,
  `deliver_paypal_secretid` varchar(255) DEFAULT NULL,
  `deliver_netbank_status` enum('Publish','Unpublish') DEFAULT 'Unpublish',
  `deliver_bank_accno` varchar(255) DEFAULT NULL,
  `deliver_bank_name` varchar(255) DEFAULT NULL,
  `deliver_branch` varchar(255) DEFAULT NULL,
  `deliver_ifsc` varchar(255) DEFAULT NULL,
  `deliver_andr_fcm_id` text,
  `deliver_ios_fcm_id` text,
  `deliver_newly_register` enum('0','1') NOT NULL DEFAULT '0' COMMENT '0 - No ,1- Yes'
) ENGINE=InnoDB DEFAULT CHARSET=latin1;

--
-- Dumping data for table `gr_delivery_member`
--

INSERT INTO `gr_delivery_member` (`deliver_id`, `deliver_agent_id`, `deliver_fname`, `deliver_lname`, `deliver_email`, `deliver_password`, `deliver_decrypt_password`, `deliver_phone1`, `deliver_phone2`, `deliver_state`, `deliver_location`, `deliver_city`, `deliver_country`, `deliver_response_time`, `deliver_currency_code`, `deliver_base_fare`, `deliver_fare_type`, `deliver_perkm_charge`, `deliver_permin_charge`, `deliver_availfrom`, `deliver_availto`, `deliver_avail_status`, `deliver_profile_image`, `deliver_licence`, `deliver_address_proof`, `deliver_vehicle_details`, `deliver_status`, `deliver_read_status`, `deliver_order_limit`, `deliver_added_by`, `deliver_created_at`, `deliver_updated_at`, `deliver_latitude`, `deliver_longitude`, `deliver_assignedby`, `deliver_stripe_status`, `deliver_stripe_clientid`, `deliver_stripe_secretid`, `deliver_paypal_status`, `deliver_paypal_clientid`, `deliver_paypal_secretid`, `deliver_netbank_status`, `deliver_bank_accno`, `deliver_bank_name`, `deliver_branch`, `deliver_ifsc`, `deliver_andr_fcm_id`, `deliver_ios_fcm_id`, `deliver_newly_register`) VALUES
(1, 0, 'Delivery', 'Person', 'deliveryperson@mailinator.com', 'e10adc3949ba59abbe56e057f20f883e', '123456', '+1435435', '+143546', 'Coimbatore', 'Coimbatore', 'Coimbatore', 'India', '00:05:00', 'USD', '10.00', 'per_km', '10.00', NULL, NULL, NULL, '1', 'deliver_1.jpg', 'licence_1.jpeg', 'address_proof_1.png', 'Two Wheeler', '1', 1, 1000, '0', '2019-03-14 15:33:39', '2019-03-14 15:33:39', '11.00202681', '77.02951887', NULL, NULL, '', '', 'Publish', 'dggch36677', 'fhtyyh4677', 'Unpublish', '', '', '', '', 'dTeP0W_vyzI:APA91bHidAduAArd0_orOH_bwkayFLVbbvJrWw9qTzdto4e-YoA3vx-tFJY2oLG6jlwjL055u5iIE6P96RKGwUc-s_fpKU3PbPX13g3vDdBqJcAHKFDpCpIadsBDpjlGG5K4BsqM-lC1', NULL, '0'),
(2, 0, 'Deliveryboy', 'boy', 'deliveryboy@mailinator.com', 'c27d2189c36f324e39e8a89997f3da0a', '#TiYRq', '+154646', '+154654676', NULL, 'location', NULL, NULL, '00:10:00', 'USD', '10.00', 'per_km', '10.00', NULL, NULL, NULL, '1', NULL, 'licence_2.jpg', 'address_proof_2.jpg', 'Two Wheeler', '1', 1, 1000, '0', '2019-03-14 15:48:47', '2019-03-14 15:48:47', '0.0', '0.0', NULL, 'Unpublish', NULL, NULL, 'Unpublish', NULL, NULL, 'Unpublish', NULL, NULL, NULL, NULL, 'eI81vyfg-DY:APA91bHhs_E2ay61SxyjdpgQrqk4i87eOa1i5eJFeFngfYdwn4oPz-IRNIMg8cHGJdtk53hyqArJklRxEK7hua7uH4bcm2y8e6ukx_SeYs4LUrEO4GIEUcwuPjIzOh6oa0YdXJNOPS-G', NULL, '0'),
(3, 0, 'zain', 'zain', 'zain@yahoo.com', '79d3aada01a30749eada0c47a36967c3', 'DRC5kT', '+1191010', '+1', NULL, NULL, NULL, NULL, '05:30:00', '$', '0.00', 'per_km', '45.00', NULL, NULL, NULL, '2', NULL, NULL, NULL, 'Two Wheeler', '0', 1, 0, '1', '2019-03-25 00:05:27', '2019-03-25 20:54:20', NULL, NULL, NULL, 'Unpublish', NULL, NULL, 'Unpublish', NULL, NULL, 'Unpublish', NULL, NULL, NULL, NULL, NULL, NULL, '0');

-- --------------------------------------------------------

--
-- Table structure for table `gr_delivery_person_earnings`
--

CREATE TABLE `gr_delivery_person_earnings` (
  `de_id` int(11) NOT NULL,
  `de_deliver_id` int(11) NOT NULL,
  `de_agent_id` int(11) NOT NULL,
  `de_transaction_id` varchar(255) NOT NULL,
  `de_shop_id` int(11) NOT NULL,
  `de_merchant_id` int(11) NOT NULL,
  `de_base_fare` decimal(10,2) NOT NULL,
  `de_unit_type` enum('per_km','per_min') NOT NULL COMMENT '1-km,2-min',
  `de_unit_fare` decimal(10,2) NOT NULL,
  `de_travel_duration` int(11) DEFAULT NULL,
  `de_travel_distance` int(11) DEFAULT NULL,
  `de_total_amount` decimal(10,2) NOT NULL,
  `de_ord_sub_total` decimal(10,2) NOT NULL,
  `de_ord_wallet` decimal(10,2) NOT NULL,
  `de_ord_delfee` decimal(10,2) NOT NULL,
  `de_order_total` decimal(10,2) NOT NULL,
  `de_ord_status` enum('1','2') NOT NULL COMMENT '1- delivered,2-failed',
  `de_rcd_amt` decimal(10,2) NOT NULL,
  `de_ord_currency` varchar(100) CHARACTER SET utf8 NOT NULL,
  `de_ord_currcode` varchar(100) DEFAULT NULL,
  `de_pay_type` varchar(100) NOT NULL,
  `de_updated_at` datetime NOT NULL
) ENGINE=InnoDB DEFAULT CHARSET=latin1;

-- --------------------------------------------------------

--
-- Table structure for table `gr_deliver_working_hrs`
--

CREATE TABLE `gr_deliver_working_hrs` (
  `dw_id` int(11) NOT NULL,
  `dw_agent_id` int(11) NOT NULL,
  `dw_deliver_id` int(11) NOT NULL,
  `dw_status` int(11) NOT NULL COMMENT '0-not available,1-available',
  `dw_date` varchar(255) DEFAULT NULL,
  `dw_from` varchar(100) DEFAULT NULL,
  `dw_to` varchar(100) DEFAULT NULL
) ENGINE=InnoDB DEFAULT CHARSET=latin1;

--
-- Dumping data for table `gr_deliver_working_hrs`
--

INSERT INTO `gr_deliver_working_hrs` (`dw_id`, `dw_agent_id`, `dw_deliver_id`, `dw_status`, `dw_date`, `dw_from`, `dw_to`) VALUES
(1, 0, 1, 1, 'Monday', '01:09', '22:09'),
(2, 0, 1, 1, 'Tuesday', '13:09', '21:09'),
(3, 0, 1, 1, 'Wednesday', '13:09', '21:09'),
(4, 0, 1, 1, 'Thursday', '03:51', '22:51'),
(5, 0, 1, 1, 'Friday', '01:50', '22:50'),
(6, 0, 1, 1, 'Saturday', '02:05', '21:09'),
(7, 0, 1, 1, 'Sunday', '05:09', '21:09'),
(8, 0, 2, 0, 'Monday', '00:00', '00:00'),
(9, 0, 2, 0, 'Tuesday', '00:00', '00:00'),
(10, 0, 2, 0, 'Wednesday', '00:00', '00:00'),
(11, 0, 2, 0, 'Thursday', '00:00', '00:00'),
(12, 0, 2, 0, 'Friday', '00:00', '00:00'),
(13, 0, 2, 1, 'Saturday', '06:37', '16:26'),
(14, 0, 2, 0, 'Sunday', '00:00', '00:00');

-- --------------------------------------------------------

--
-- Table structure for table `gr_delmgr_notification`
--

CREATE TABLE `gr_delmgr_notification` (
  `no_id` int(10) NOT NULL,
  `no_delmgr_id` int(10) DEFAULT NULL,
  `no_agent_id` int(11) DEFAULT NULL,
  `no_delboy_id` int(11) DEFAULT NULL,
  `no_status` enum('1','2') DEFAULT NULL COMMENT '1-Pay request',
  `read_status` enum('0','1') DEFAULT '0' COMMENT '0-not read,1- read',
  `submit_by` int(11) NOT NULL
) ENGINE=InnoDB DEFAULT CHARSET=latin1;

-- --------------------------------------------------------

--
-- Table structure for table `gr_faq`
--

CREATE TABLE `gr_faq` (
  `id` int(11) NOT NULL,
  `faq_name_en` varchar(250) NOT NULL,
  `faq_name_ar` varchar(100) CHARACTER SET utf8 COLLATE utf8_swedish_ci DEFAULT NULL,
  `faq_ans_en` text NOT NULL,
  `faq_ans_ar` blob,
  `faq_status` tinyint(2) NOT NULL COMMENT '0-block,1-un-block,2-Delete'
) ENGINE=InnoDB DEFAULT CHARSET=latin1;

--
-- Dumping data for table `gr_faq`
--

INSERT INTO `gr_faq` (`id`, `faq_name_en`, `faq_name_ar`, `faq_ans_en`, `faq_ans_ar`, `faq_status`) VALUES
(1, 'Cod is available?', NULL, '<p>yes</p>', NULL, 1),
(2, 'What is Return Policy?', NULL, '<p><strong style=\"margin: 0px; padding: 0px; font-family: \" open=\"\" sans\",=\"\" arial,=\"\" sans-serif;=\"\" font-size:=\"\" 14px;=\"\" text-align:=\"\" justify;\"=\"\">Lorem Ipsum</strong><span style=\"font-family: \" open=\"\" sans\",=\"\" arial,=\"\" sans-serif;=\"\" font-size:=\"\" 14px;=\"\" text-align:=\"\" justify;\"=\"\">&nbsp;is simply dummy text of the printing and typesetting industry. Lorem Ipsum has been the industry\'s standard dummy text ever since the 1500s, when an unknown printer took a galley of type and scrambled it to make a type specimen book. It has survived not only five centuries, but also the leap into electronic typesetting, remaining essentially unchanged. It was popularised in the 1960s with the release of Letraset sheets containing Lorem Ipsum passages, and more recently with desktop publishing software like Aldus PageMaker including versions of Lorem Ipsum.</span></p><p><strong style=\"margin: 0px; padding: 0px; font-family: \" open=\"\" sans\",=\"\" arial,=\"\" sans-serif;=\"\" font-size:=\"\" 14px;=\"\" text-align:=\"\" justify;\"=\"\">Lorem Ipsum</strong><span style=\"font-family: \" open=\"\" sans\",=\"\" arial,=\"\" sans-serif;=\"\" font-size:=\"\" 14px;=\"\" text-align:=\"\" justify;\"=\"\">&nbsp;is simply dummy text of the printing and typesetting industry. Lorem Ipsum has been the industry\'s standard dummy text ever since the 1500s, when an unknown printer took a galley of type and scrambled it to make a type specimen book. It has survived not only five centuries, but also the leap into electronic typesetting, remaining essentially unchanged. It was popularised in the 1960s with the release of Letraset sheets containing Lorem Ipsum passages, and more recently with desktop publishing software like Aldus PageMaker including versions of Lorem Ipsum.</span></p><p><strong style=\"margin: 0px; padding: 0px; font-family: \" open=\"\" sans\",=\"\" arial,=\"\" sans-serif;=\"\" font-size:=\"\" 14px;=\"\" text-align:=\"\" justify;\"=\"\">Lorem Ipsum</strong><span style=\"font-family: \" open=\"\" sans\",=\"\" arial,=\"\" sans-serif;=\"\" font-size:=\"\" 14px;=\"\" text-align:=\"\" justify;\"=\"\">&nbsp;is simply dummy text of the printing and typesetting industry. Lorem Ipsum has been the industry\'s standard dummy text ever since the 1500s, when an unknown printer took a galley of type and scrambled it to make a type specimen book. It has survived not only five centuries, but also the leap into electronic typesetting, remaining essentially unchanged. It was popularised in the 1960s with the release of Letraset sheets containing Lorem Ipsum passages, and more recently with desktop publishing software like Aldus PageMaker including versions of Lorem Ipsum.</span></p><p><strong style=\"margin: 0px; padding: 0px; font-family: \" open=\"\" sans\",=\"\" arial,=\"\" sans-serif;=\"\" font-size:=\"\" 14px;=\"\" text-align:=\"\" justify;\"=\"\">Lorem Ipsum</strong><span style=\"font-family: \" open=\"\" sans\",=\"\" arial,=\"\" sans-serif;=\"\" font-size:=\"\" 14px;=\"\" text-align:=\"\" justify;\"=\"\">&nbsp;is simply dummy text of the printing and typesetting industry. Lorem Ipsum has been the industry\'s standard dummy text ever since the 1500s, when an unknown printer took a galley of type and scrambled it to make a type specimen book. It has survived not only five centuries, but also the leap into electronic typesetting, remaining essentially unchanged. It was popularised in the 1960s with the release of Letraset sheets containing Lorem Ipsum passages, and more recently with desktop publishing software like Aldus PageMaker including versions of Lorem Ipsum.</span><br></p>', NULL, 1),
(3, 'test sort', NULL, '<p>test sort</p>', NULL, 1),
(4, 'Cod is available?4', NULL, '<p>yes</p>', NULL, 1),
(5, 'What is Return Policy?5', NULL, '<p><strong style=\"margin: 0px; padding: 0px; font-family: \" open=\"\" sans\",=\"\" arial,=\"\" sans-serif;=\"\" font-size:=\"\" 14px;=\"\" text-align:=\"\" justify;\"=\"\">Lorem Ipsum</strong><span style=\"font-family: \" open=\"\" sans\",=\"\" arial,=\"\" sans-serif;=\"\" font-size:=\"\" 14px;=\"\" text-align:=\"\" justify;\"=\"\">&nbsp;is simply dummy text of the printing and typesetting industry. Lorem Ipsum has been the industry\'s standard dummy text ever since the 1500s, when an unknown printer took a galley of type and scrambled it to make a type specimen book. It has survived not only five centuries, but also the leap into electronic typesetting, remaining essentially unchanged. It was popularised in the 1960s with the release of Letraset sheets containing Lorem Ipsum passages, and more recently with desktop publishing software like Aldus PageMaker including versions of Lorem Ipsum.</span></p><p><strong style=\"margin: 0px; padding: 0px; font-family: \" open=\"\" sans\",=\"\" arial,=\"\" sans-serif;=\"\" font-size:=\"\" 14px;=\"\" text-align:=\"\" justify;\"=\"\">Lorem Ipsum</strong><span style=\"font-family: \" open=\"\" sans\",=\"\" arial,=\"\" sans-serif;=\"\" font-size:=\"\" 14px;=\"\" text-align:=\"\" justify;\"=\"\">&nbsp;is simply dummy text of the printing and typesetting industry. Lorem Ipsum has been the industry\'s standard dummy text ever since the 1500s, when an unknown printer took a galley of type and scrambled it to make a type specimen book. It has survived not only five centuries, but also the leap into electronic typesetting, remaining essentially unchanged. It was popularised in the 1960s with the release of Letraset sheets containing Lorem Ipsum passages, and more recently with desktop publishing software like Aldus PageMaker including versions of Lorem Ipsum.</span></p><p><strong style=\"margin: 0px; padding: 0px; font-family: \" open=\"\" sans\",=\"\" arial,=\"\" sans-serif;=\"\" font-size:=\"\" 14px;=\"\" text-align:=\"\" justify;\"=\"\">Lorem Ipsum</strong><span style=\"font-family: \" open=\"\" sans\",=\"\" arial,=\"\" sans-serif;=\"\" font-size:=\"\" 14px;=\"\" text-align:=\"\" justify;\"=\"\">&nbsp;is simply dummy text of the printing and typesetting industry. Lorem Ipsum has been the industry\'s standard dummy text ever since the 1500s, when an unknown printer took a galley of type and scrambled it to make a type specimen book. It has survived not only five centuries, but also the leap into electronic typesetting, remaining essentially unchanged. It was popularised in the 1960s with the release of Letraset sheets containing Lorem Ipsum passages, and more recently with desktop publishing software like Aldus PageMaker including versions of Lorem Ipsum.</span></p><p><strong style=\"margin: 0px; padding: 0px; font-family: \" open=\"\" sans\",=\"\" arial,=\"\" sans-serif;=\"\" font-size:=\"\" 14px;=\"\" text-align:=\"\" justify;\"=\"\">Lorem Ipsum</strong><span style=\"font-family: \" open=\"\" sans\",=\"\" arial,=\"\" sans-serif;=\"\" font-size:=\"\" 14px;=\"\" text-align:=\"\" justify;\"=\"\">&nbsp;is simply dummy text of the printing and typesetting industry. Lorem Ipsum has been the industry\'s standard dummy text ever since the 1500s, when an unknown printer took a galley of type and scrambled it to make a type specimen book. It has survived not only five centuries, but also the leap into electronic typesetting, remaining essentially unchanged. It was popularised in the 1960s with the release of Letraset sheets containing Lorem Ipsum passages, and more recently with desktop publishing software like Aldus PageMaker including versions of Lorem Ipsum.</span><br></p>', NULL, 1),
(6, 'test sort6', NULL, '<p>test sort</p>', NULL, 1),
(7, 'Cod is available?7', NULL, '<p>test</p>', NULL, 1),
(8, 'test faq', NULL, '<p>test faq</p>', NULL, 2);

-- --------------------------------------------------------

--
-- Table structure for table `gr_featured_booking`
--

CREATE TABLE `gr_featured_booking` (
  `id` int(11) NOT NULL,
  `mer_id` int(11) NOT NULL,
  `store_id` int(11) NOT NULL,
  `from_date` date NOT NULL,
  `to_date` date NOT NULL,
  `total_price` decimal(10,2) NOT NULL,
  `total_num_days` int(11) NOT NULL,
  `payment_method` varchar(255) NOT NULL,
  `transaction_id` varchar(255) DEFAULT NULL,
  `commission_status` int(11) DEFAULT NULL COMMENT '1-Pending,2-Success,3-Failed',
  `paymaya_pmtId` text,
  `paymaya_receiptnum` text,
  `paymaya_paid_time` text,
  `paymaya_last4` text,
  `paymaya_cardtype` text,
  `paymaya_maskedcard` text,
  `createdAt` datetime NOT NULL,
  `admin_approved_status` int(11) NOT NULL DEFAULT '0',
  `approvedAt` datetime NOT NULL
) ENGINE=InnoDB DEFAULT CHARSET=latin1;

-- --------------------------------------------------------

--
-- Table structure for table `gr_general_notification`
--

CREATE TABLE `gr_general_notification` (
  `id` int(11) NOT NULL,
  `sender_id` int(11) NOT NULL,
  `receiver_id` int(11) NOT NULL,
  `sender_type` enum('gr_admin','gr_merchant','gr_delivery_manager','gr_agent','gr_delivery_member','gr_customer') NOT NULL,
  `receiver_type` enum('gr_admin','gr_merchant','gr_delivery_manager','gr_agent','gr_delivery_member','gr_customer') NOT NULL,
  `message` text NOT NULL,
  `order_id` varchar(255) NOT NULL,
  `message_link` varchar(255) DEFAULT NULL,
  `read_status` int(11) NOT NULL DEFAULT '0',
  `updated_at` datetime NOT NULL
) ENGINE=InnoDB DEFAULT CHARSET=latin1;

--
-- Dumping data for table `gr_general_notification`
--

INSERT INTO `gr_general_notification` (`id`, `sender_id`, `receiver_id`, `sender_type`, `receiver_type`, `message`, `order_id`, `message_link`, `read_status`, `updated_at`) VALUES
(1, 5, 3, 'gr_customer', 'gr_merchant', 'New order ( COD-1993009327 )  placed by Nagoor Meeran!', 'COD-1993009327', 'mer-order-details/Q09ELTE5OTMwMDkzMjc=', 1, '2019-03-11 13:31:34'),
(2, 5, 4, 'gr_customer', 'gr_merchant', 'New order ( COD-1993009327 )  placed by Nagoor Meeran!', 'COD-1993009327', 'mer-order-details/Q09ELTE5OTMwMDkzMjc=', 1, '2019-03-11 13:31:35'),
(3, 5, 2, 'gr_customer', 'gr_admin', 'New order ( COD-1993009327 )  placed by Nagoor Meeran!', 'COD-1993009327', 'admin-track-order/Q09ELTE5OTMwMDkzMjc=', 1, '2019-03-11 13:31:35'),
(4, 4, 2, 'gr_customer', 'gr_merchant', 'New order ( COD-522430791 )  placed by Suganya t!', 'COD-522430791', 'mer-order-details/Q09ELTUyMjQzMDc5MQ==', 0, '2019-03-14 12:18:31'),
(5, 4, 2, 'gr_customer', 'gr_admin', 'New order ( COD-522430791 )  placed by Suganya t!', 'COD-522430791', 'admin-track-order/Q09ELTUyMjQzMDc5MQ==', 1, '2019-03-14 12:18:31'),
(6, 4, 2, 'gr_customer', 'gr_merchant', 'New order ( COD-223187846 )  placed by Suganya T!', 'COD-223187846', 'mer-order-details/Q09ELTIyMzE4Nzg0Ng==', 0, '2019-03-14 15:23:22'),
(7, 4, 2, 'gr_customer', 'gr_admin', 'New order ( COD-223187846 )  placed by Suganya T!', 'COD-223187846', 'admin-track-order/Q09ELTIyMzE4Nzg0Ng==', 1, '2019-03-14 15:23:22'),
(8, 1, 1, 'gr_delivery_manager', 'gr_delivery_member', 'Order(COD-223187846) has been assigned', 'COD-223187846', '', 0, '2019-03-14 15:51:50'),
(9, 1, 2, 'gr_delivery_member', 'gr_admin', 'Order ( COD-223187846 ) was taken by Delivery Person', 'COD-223187846', 'admin-track-order/Q09ELTIyMzE4Nzg0Ng==', 1, '2019-03-14 15:53:09'),
(10, 1, 2, 'gr_delivery_member', 'gr_merchant', 'Order ( COD-223187846 ) was taken by Delivery Person', 'COD-223187846', 'mer-order-details/Q09ELTIyMzE4Nzg0Ng==', 0, '2019-03-14 15:53:09'),
(11, 1, 1, 'gr_delivery_member', 'gr_delivery_manager', 'Order ( COD-223187846 ) was taken by Delivery Person', 'COD-223187846', 'delivery-track-order/Q09ELTIyMzE4Nzg0Ng==/Mg==', 1, '2019-03-14 15:53:09'),
(12, 1, 4, 'gr_delivery_member', 'gr_customer', 'Order ( COD-223187846 ) was taken by Delivery Person', 'COD-223187846', 'track-order/Q09ELTIyMzE4Nzg0Ng==', 0, '2019-03-14 15:53:09'),
(13, 1, 2, 'gr_delivery_member', 'gr_admin', 'Order ( COD-223187846 ) is out of delivery', 'COD-223187846', 'admin-track-order/Q09ELTIyMzE4Nzg0Ng==', 1, '2019-03-14 15:56:41'),
(14, 1, 2, 'gr_delivery_member', 'gr_merchant', 'Order ( COD-223187846 ) is out of delivery', 'COD-223187846', 'mer-order-details/Q09ELTIyMzE4Nzg0Ng==', 0, '2019-03-14 15:56:41'),
(15, 1, 1, 'gr_delivery_member', 'gr_delivery_manager', 'Order ( COD-223187846 ) is out of delivery', 'COD-223187846', 'delivery-track-order/Q09ELTIyMzE4Nzg0Ng==/Mg==', 1, '2019-03-14 15:56:41'),
(16, 1, 4, 'gr_delivery_member', 'gr_customer', 'Order ( COD-223187846 ) is out of delivery', 'COD-223187846', 'track-order/Q09ELTIyMzE4Nzg0Ng==', 0, '2019-03-14 15:56:41'),
(17, 1, 2, 'gr_delivery_member', 'gr_admin', 'Order ( COD-223187846 ) has been arrived', 'COD-223187846', 'admin-track-order/Q09ELTIyMzE4Nzg0Ng==', 1, '2019-03-14 16:00:00'),
(18, 1, 2, 'gr_delivery_member', 'gr_merchant', 'Order ( COD-223187846 ) has been arrived', 'COD-223187846', 'mer-order-details/Q09ELTIyMzE4Nzg0Ng==', 0, '2019-03-14 16:00:00'),
(19, 1, 1, 'gr_delivery_member', 'gr_delivery_manager', 'Order ( COD-223187846 ) has been arrived', 'COD-223187846', 'delivery-track-order/Q09ELTIyMzE4Nzg0Ng==/Mg==', 1, '2019-03-14 16:00:00'),
(20, 1, 4, 'gr_delivery_member', 'gr_customer', 'Order ( COD-223187846 ) has been arrived', 'COD-223187846', 'track-order/Q09ELTIyMzE4Nzg0Ng==', 0, '2019-03-14 16:00:00'),
(21, 4, 2, 'gr_customer', 'gr_merchant', 'New order ( COD-464280668 )  placed by Suganya T!', 'COD-464280668', 'mer-order-details/Q09ELTQ2NDI4MDY2OA==', 0, '2019-03-14 16:04:31'),
(22, 4, 2, 'gr_customer', 'gr_admin', 'New order ( COD-464280668 )  placed by Suganya T!', 'COD-464280668', 'admin-track-order/Q09ELTQ2NDI4MDY2OA==', 1, '2019-03-14 16:04:31'),
(23, 10, 2, 'gr_customer', 'gr_merchant', 'New order ( COD-1250067875 )  placed by Refer mail!', 'COD-1250067875', 'mer-order-details/Q09ELTEyNTAwNjc4NzU=', 0, '2019-03-14 16:22:49'),
(24, 10, 2, 'gr_customer', 'gr_admin', 'New order ( COD-1250067875 )  placed by Refer mail!', 'COD-1250067875', 'admin-track-order/Q09ELTEyNTAwNjc4NzU=', 1, '2019-03-14 16:22:49'),
(25, 11, 2, 'gr_customer', 'gr_merchant', 'New order ( COD-765749640 )  placed by Refer 2!', 'COD-765749640', 'mer-order-details/Q09ELTc2NTc0OTY0MA==', 0, '2019-03-14 16:29:31'),
(26, 11, 2, 'gr_customer', 'gr_admin', 'New order ( COD-765749640 )  placed by Refer 2!', 'COD-765749640', 'admin-track-order/Q09ELTc2NTc0OTY0MA==', 1, '2019-03-14 16:29:31'),
(27, 4, 2, 'gr_customer', 'gr_merchant', 'New order ( PAYID-LSFDO7Y2BE413815G5235102 )  placed by Suganya T!', 'PAYID-LSFDO7Y2BE413815G5235102', 'mer-order-details/UEFZSUQtTFNGRE83WTJCRTQxMzgxNUc1MjM1MTAy', 0, '2019-03-14 16:44:17'),
(28, 4, 2, 'gr_customer', 'gr_admin', 'New order ( PAYID-LSFDO7Y2BE413815G5235102 )  placed by Suganya T!', 'PAYID-LSFDO7Y2BE413815G5235102', 'admin-track-order/UEFZSUQtTFNGRE83WTJCRTQxMzgxNUc1MjM1MTAy', 1, '2019-03-14 16:44:17'),
(29, 1, 1, 'gr_delivery_manager', 'gr_delivery_member', 'Order(PAYID-LSFDO7Y2BE413815G5235102) has been assigned', 'PAYID-LSFDO7Y2BE413815G5235102', '', 0, '2019-03-14 16:45:11'),
(30, 1, 2, 'gr_delivery_member', 'gr_admin', 'Order ( PAYID-LSFDO7Y2BE413815G5235102 ) was taken by Delivery Person', 'PAYID-LSFDO7Y2BE413815G5235102', 'admin-track-order/UEFZSUQtTFNGRE83WTJCRTQxMzgxNUc1MjM1MTAy', 1, '2019-03-14 16:46:53'),
(31, 1, 2, 'gr_delivery_member', 'gr_merchant', 'Order ( PAYID-LSFDO7Y2BE413815G5235102 ) was taken by Delivery Person', 'PAYID-LSFDO7Y2BE413815G5235102', 'mer-order-details/UEFZSUQtTFNGRE83WTJCRTQxMzgxNUc1MjM1MTAy', 0, '2019-03-14 16:46:53'),
(32, 1, 1, 'gr_delivery_member', 'gr_delivery_manager', 'Order ( PAYID-LSFDO7Y2BE413815G5235102 ) was taken by Delivery Person', 'PAYID-LSFDO7Y2BE413815G5235102', 'delivery-track-order/UEFZSUQtTFNGRE83WTJCRTQxMzgxNUc1MjM1MTAy/Mg==', 0, '2019-03-14 16:46:53'),
(33, 1, 4, 'gr_delivery_member', 'gr_customer', 'Order ( PAYID-LSFDO7Y2BE413815G5235102 ) was taken by Delivery Person', 'PAYID-LSFDO7Y2BE413815G5235102', 'track-order/UEFZSUQtTFNGRE83WTJCRTQxMzgxNUc1MjM1MTAy', 0, '2019-03-14 16:46:53'),
(34, 1, 1, 'gr_delivery_manager', 'gr_delivery_member', 'Order(COD-1993009327) has been assigned', 'COD-1993009327', '', 0, '2019-03-14 16:47:21'),
(35, 4, 2, 'gr_customer', 'gr_merchant', 'New order ( COD-1029905626 )  placed by Suganya T!', 'COD-1029905626', 'mer-order-details/Q09ELTEwMjk5MDU2MjY=', 0, '2019-03-14 17:20:13'),
(36, 4, 2, 'gr_customer', 'gr_admin', 'New order ( COD-1029905626 )  placed by Suganya T!', 'COD-1029905626', 'admin-track-order/Q09ELTEwMjk5MDU2MjY=', 1, '2019-03-14 17:20:13'),
(37, 4, 2, 'gr_customer', 'gr_merchant', 'New order ( COD-1935208290 )  placed by Suganya T!', 'COD-1935208290', 'mer-order-details/Q09ELTE5MzUyMDgyOTA=', 0, '2019-03-16 23:28:16'),
(38, 4, 4, 'gr_customer', 'gr_merchant', 'New order ( COD-1935208290 )  placed by Suganya T!', 'COD-1935208290', 'mer-order-details/Q09ELTE5MzUyMDgyOTA=', 1, '2019-03-16 23:28:16'),
(39, 4, 2, 'gr_customer', 'gr_admin', 'New order ( COD-1935208290 )  placed by Suganya T!', 'COD-1935208290', 'admin-track-order/Q09ELTE5MzUyMDgyOTA=', 1, '2019-03-16 23:28:16'),
(40, 4, 3, 'gr_customer', 'gr_merchant', 'New order ( COD-332204480 )  placed by Suganya T!', 'COD-332204480', 'mer-order-details/Q09ELTMzMjIwNDQ4MA==', 1, '2019-03-16 23:35:39'),
(41, 4, 2, 'gr_customer', 'gr_admin', 'New order ( COD-332204480 )  placed by Suganya T!', 'COD-332204480', 'admin-track-order/Q09ELTMzMjIwNDQ4MA==', 1, '2019-03-16 23:35:39'),
(42, 2, 4, 'gr_customer', 'gr_merchant', 'New order ( COD-1757017690 )  placed by Mani Kandan!', 'COD-1757017690', 'mer-order-details/Q09ELTE3NTcwMTc2OTA=', 1, '2019-03-18 12:03:54'),
(43, 2, 2, 'gr_customer', 'gr_admin', 'New order ( COD-1757017690 )  placed by Mani Kandan!', 'COD-1757017690', 'admin-track-order/Q09ELTE3NTcwMTc2OTA=', 1, '2019-03-18 12:03:54'),
(44, 2, 2, 'gr_customer', 'gr_merchant', 'New order ( PAYID-LSHTYFY1KL64521BD893351X )  placed by Mani Kandan!', 'PAYID-LSHTYFY1KL64521BD893351X', 'mer-order-details/UEFZSUQtTFNIVFlGWTFLTDY0NTIxQkQ4OTMzNTFY', 0, '2019-03-18 12:05:14'),
(45, 2, 2, 'gr_customer', 'gr_admin', 'New order ( PAYID-LSHTYFY1KL64521BD893351X )  placed by Mani Kandan!', 'PAYID-LSHTYFY1KL64521BD893351X', 'admin-track-order/UEFZSUQtTFNIVFlGWTFLTDY0NTIxQkQ4OTMzNTFY', 1, '2019-03-18 12:05:14'),
(46, 4, 7, 'gr_customer', 'gr_merchant', 'New order ( PAYID-LSHYWIA4P465325GE360763E )  placed by Suganya T!', 'PAYID-LSHYWIA4P465325GE360763E', 'mer-order-details/UEFZSUQtTFNIWVdJQTRQNDY1MzI1R0UzNjA3NjNF', 1, '2019-03-18 17:42:28'),
(47, 4, 2, 'gr_customer', 'gr_admin', 'New order ( PAYID-LSHYWIA4P465325GE360763E )  placed by Suganya T!', 'PAYID-LSHYWIA4P465325GE360763E', 'admin-track-order/UEFZSUQtTFNIWVdJQTRQNDY1MzI1R0UzNjA3NjNF', 1, '2019-03-18 17:42:28'),
(48, 4, 7, 'gr_customer', 'gr_merchant', 'New order ( COD-1856749977 )  placed by Suganya T!', 'COD-1856749977', 'mer-order-details/Q09ELTE4NTY3NDk5Nzc=', 0, '2019-03-18 17:49:17'),
(49, 4, 2, 'gr_customer', 'gr_admin', 'New order ( COD-1856749977 )  placed by Suganya T!', 'COD-1856749977', 'admin-track-order/Q09ELTE4NTY3NDk5Nzc=', 1, '2019-03-18 17:49:17'),
(50, 4, 2, 'gr_customer', 'gr_merchant', 'New order ( COD-1484157361 )  placed by Suganya T!', 'COD-1484157361', 'mer-order-details/Q09ELTE0ODQxNTczNjE=', 0, '2019-03-18 17:59:54'),
(51, 4, 2, 'gr_customer', 'gr_admin', 'New order ( COD-1484157361 )  placed by Suganya T!', 'COD-1484157361', 'admin-track-order/Q09ELTE0ODQxNTczNjE=', 1, '2019-03-18 17:59:54'),
(52, 4, 3, 'gr_customer', 'gr_merchant', 'New order ( COD-1507006327 )  placed by Suganya T!', 'COD-1507006327', 'mer-order-details/Q09ELTE1MDcwMDYzMjc=', 1, '2019-03-18 18:04:01'),
(53, 4, 2, 'gr_customer', 'gr_admin', 'New order ( COD-1507006327 )  placed by Suganya T!', 'COD-1507006327', 'admin-track-order/Q09ELTE1MDcwMDYzMjc=', 1, '2019-03-18 18:04:01'),
(54, 4, 3, 'gr_customer', 'gr_merchant', 'New order ( COD-1671224757 )  placed by Suganya T!', 'COD-1671224757', 'mer-order-details/Q09ELTE2NzEyMjQ3NTc=', 1, '2019-03-18 18:05:42'),
(55, 4, 2, 'gr_customer', 'gr_admin', 'New order ( COD-1671224757 )  placed by Suganya T!', 'COD-1671224757', 'admin-track-order/Q09ELTE2NzEyMjQ3NTc=', 1, '2019-03-18 18:05:42'),
(56, 1, 1, 'gr_delivery_manager', 'gr_delivery_member', 'Order(COD-1671224757) has been assigned', 'COD-1671224757', '', 0, '2019-03-18 18:36:47'),
(57, 1, 1, 'gr_delivery_manager', 'gr_delivery_member', 'Order(PAYID-LSHYWIA4P465325GE360763E) has been assigned', 'PAYID-LSHYWIA4P465325GE360763E', '', 0, '2019-03-18 18:37:10'),
(58, 1, 2, 'gr_delivery_member', 'gr_admin', 'Order ( COD-1671224757 ) was taken by Delivery Person', 'COD-1671224757', 'admin-track-order/Q09ELTE2NzEyMjQ3NTc=', 1, '2019-03-18 18:37:32'),
(59, 1, 3, 'gr_delivery_member', 'gr_merchant', 'Order ( COD-1671224757 ) was taken by Delivery Person', 'COD-1671224757', 'mer-order-details/Q09ELTE2NzEyMjQ3NTc=', 1, '2019-03-18 18:37:32'),
(60, 1, 1, 'gr_delivery_member', 'gr_delivery_manager', 'Order ( COD-1671224757 ) was taken by Delivery Person', 'COD-1671224757', 'delivery-track-order/Q09ELTE2NzEyMjQ3NTc=/Mw==', 0, '2019-03-18 18:37:32'),
(61, 1, 4, 'gr_delivery_member', 'gr_customer', 'Order ( COD-1671224757 ) was taken by Delivery Person', 'COD-1671224757', 'track-order/Q09ELTE2NzEyMjQ3NTc=', 0, '2019-03-18 18:37:32'),
(62, 1, 2, 'gr_delivery_member', 'gr_admin', 'Order ( PAYID-LSHYWIA4P465325GE360763E ) was taken by Delivery Person', 'PAYID-LSHYWIA4P465325GE360763E', 'admin-track-order/UEFZSUQtTFNIWVdJQTRQNDY1MzI1R0UzNjA3NjNF', 1, '2019-03-18 18:37:38'),
(63, 1, 7, 'gr_delivery_member', 'gr_merchant', 'Order ( PAYID-LSHYWIA4P465325GE360763E ) was taken by Delivery Person', 'PAYID-LSHYWIA4P465325GE360763E', 'mer-order-details/UEFZSUQtTFNIWVdJQTRQNDY1MzI1R0UzNjA3NjNF', 0, '2019-03-18 18:37:38'),
(64, 1, 1, 'gr_delivery_member', 'gr_delivery_manager', 'Order ( PAYID-LSHYWIA4P465325GE360763E ) was taken by Delivery Person', 'PAYID-LSHYWIA4P465325GE360763E', 'delivery-track-order/UEFZSUQtTFNIWVdJQTRQNDY1MzI1R0UzNjA3NjNF/Nw==', 1, '2019-03-18 18:37:38'),
(65, 1, 4, 'gr_delivery_member', 'gr_customer', 'Order ( PAYID-LSHYWIA4P465325GE360763E ) was taken by Delivery Person', 'PAYID-LSHYWIA4P465325GE360763E', 'track-order/UEFZSUQtTFNIWVdJQTRQNDY1MzI1R0UzNjA3NjNF', 0, '2019-03-18 18:37:38'),
(66, 1, 2, 'gr_delivery_member', 'gr_admin', 'Order ( COD-1671224757 ) is out of delivery', 'COD-1671224757', 'admin-track-order/Q09ELTE2NzEyMjQ3NTc=', 1, '2019-03-18 18:40:37'),
(67, 1, 3, 'gr_delivery_member', 'gr_merchant', 'Order ( COD-1671224757 ) is out of delivery', 'COD-1671224757', 'mer-order-details/Q09ELTE2NzEyMjQ3NTc=', 1, '2019-03-18 18:40:37'),
(68, 1, 1, 'gr_delivery_member', 'gr_delivery_manager', 'Order ( COD-1671224757 ) is out of delivery', 'COD-1671224757', 'delivery-track-order/Q09ELTE2NzEyMjQ3NTc=/Mw==', 1, '2019-03-18 18:40:37'),
(69, 1, 4, 'gr_delivery_member', 'gr_customer', 'Order ( COD-1671224757 ) is out of delivery', 'COD-1671224757', 'track-order/Q09ELTE2NzEyMjQ3NTc=', 0, '2019-03-18 18:40:37'),
(70, 1, 2, 'gr_delivery_member', 'gr_admin', 'Order ( COD-1671224757 ) has been arrived', 'COD-1671224757', 'admin-track-order/Q09ELTE2NzEyMjQ3NTc=', 1, '2019-03-18 19:03:43'),
(71, 1, 3, 'gr_delivery_member', 'gr_merchant', 'Order ( COD-1671224757 ) has been arrived', 'COD-1671224757', 'mer-order-details/Q09ELTE2NzEyMjQ3NTc=', 0, '2019-03-18 19:03:43'),
(72, 1, 1, 'gr_delivery_member', 'gr_delivery_manager', 'Order ( COD-1671224757 ) has been arrived', 'COD-1671224757', 'delivery-track-order/Q09ELTE2NzEyMjQ3NTc=/Mw==', 0, '2019-03-18 19:03:43'),
(73, 1, 4, 'gr_delivery_member', 'gr_customer', 'Order ( COD-1671224757 ) has been arrived', 'COD-1671224757', 'track-order/Q09ELTE2NzEyMjQ3NTc=', 0, '2019-03-18 19:03:43'),
(74, 1, 2, 'gr_delivery_member', 'gr_admin', 'Order ( PAYID-LSHYWIA4P465325GE360763E ) is out of delivery', 'PAYID-LSHYWIA4P465325GE360763E', 'admin-track-order/UEFZSUQtTFNIWVdJQTRQNDY1MzI1R0UzNjA3NjNF', 1, '2019-03-19 10:41:35'),
(75, 1, 7, 'gr_delivery_member', 'gr_merchant', 'Order ( PAYID-LSHYWIA4P465325GE360763E ) is out of delivery', 'PAYID-LSHYWIA4P465325GE360763E', 'mer-order-details/UEFZSUQtTFNIWVdJQTRQNDY1MzI1R0UzNjA3NjNF', 0, '2019-03-19 10:41:35'),
(76, 1, 1, 'gr_delivery_member', 'gr_delivery_manager', 'Order ( PAYID-LSHYWIA4P465325GE360763E ) is out of delivery', 'PAYID-LSHYWIA4P465325GE360763E', 'delivery-track-order/UEFZSUQtTFNIWVdJQTRQNDY1MzI1R0UzNjA3NjNF/Nw==', 0, '2019-03-19 10:41:35'),
(77, 1, 4, 'gr_delivery_member', 'gr_customer', 'Order ( PAYID-LSHYWIA4P465325GE360763E ) is out of delivery', 'PAYID-LSHYWIA4P465325GE360763E', 'track-order/UEFZSUQtTFNIWVdJQTRQNDY1MzI1R0UzNjA3NjNF', 0, '2019-03-19 10:41:35'),
(78, 1, 2, 'gr_delivery_member', 'gr_admin', 'Order ( PAYID-LSHYWIA4P465325GE360763E ) has been arrived', 'PAYID-LSHYWIA4P465325GE360763E', 'admin-track-order/UEFZSUQtTFNIWVdJQTRQNDY1MzI1R0UzNjA3NjNF', 1, '2019-03-19 10:41:41'),
(79, 1, 7, 'gr_delivery_member', 'gr_merchant', 'Order ( PAYID-LSHYWIA4P465325GE360763E ) has been arrived', 'PAYID-LSHYWIA4P465325GE360763E', 'mer-order-details/UEFZSUQtTFNIWVdJQTRQNDY1MzI1R0UzNjA3NjNF', 0, '2019-03-19 10:41:41'),
(80, 1, 1, 'gr_delivery_member', 'gr_delivery_manager', 'Order ( PAYID-LSHYWIA4P465325GE360763E ) has been arrived', 'PAYID-LSHYWIA4P465325GE360763E', 'delivery-track-order/UEFZSUQtTFNIWVdJQTRQNDY1MzI1R0UzNjA3NjNF/Nw==', 0, '2019-03-19 10:41:41'),
(81, 1, 4, 'gr_delivery_member', 'gr_customer', 'Order ( PAYID-LSHYWIA4P465325GE360763E ) has been arrived', 'PAYID-LSHYWIA4P465325GE360763E', 'track-order/UEFZSUQtTFNIWVdJQTRQNDY1MzI1R0UzNjA3NjNF', 0, '2019-03-19 10:41:41'),
(82, 4, 1, 'gr_customer', 'gr_merchant', 'New order ( paypal2144088960 )  placed by Suganya T !', 'paypal2144088960', 'mer-order-details/cGF5cGFsMjE0NDA4ODk2MA==', 0, '2019-03-19 19:16:58'),
(83, 4, 2, 'gr_customer', 'gr_admin', 'New order ( paypal2144088960 )  placed by Suganya T !', 'paypal2144088960', 'admin-track-order/cGF5cGFsMjE0NDA4ODk2MA==', 1, '2019-03-19 19:16:58'),
(84, 1, 1, 'gr_delivery_manager', 'gr_delivery_member', 'Order(COD-332204480) has been assigned', 'COD-332204480', '', 0, '2019-03-21 18:40:57'),
(85, 1, 1, 'gr_delivery_manager', 'gr_delivery_member', 'Order(COD-1993009327) has been assigned', 'COD-1993009327', '', 0, '2019-03-21 18:42:53'),
(86, 1, 2, 'gr_delivery_member', 'gr_admin', 'Order ( COD-332204480 ) was taken by Delivery Person', 'COD-332204480', 'admin-track-order/Q09ELTMzMjIwNDQ4MA==', 1, '2019-03-21 19:11:29'),
(87, 1, 3, 'gr_delivery_member', 'gr_merchant', 'Order ( COD-332204480 ) was taken by Delivery Person', 'COD-332204480', 'mer-order-details/Q09ELTMzMjIwNDQ4MA==', 0, '2019-03-21 19:11:30'),
(88, 1, 1, 'gr_delivery_member', 'gr_delivery_manager', 'Order ( COD-332204480 ) was taken by Delivery Person', 'COD-332204480', 'delivery-track-order/Q09ELTMzMjIwNDQ4MA==/Mw==', 0, '2019-03-21 19:11:30'),
(89, 1, 4, 'gr_delivery_member', 'gr_customer', 'Order ( COD-332204480 ) was taken by Delivery Person', 'COD-332204480', 'track-order/Q09ELTMzMjIwNDQ4MA==', 0, '2019-03-21 19:11:30'),
(90, 1, 2, 'gr_delivery_member', 'gr_admin', 'Order ( COD-1993009327 ) was taken by Delivery Person', 'COD-1993009327', 'admin-track-order/Q09ELTE5OTMwMDkzMjc=', 1, '2019-03-21 19:11:34'),
(91, 1, 4, 'gr_delivery_member', 'gr_merchant', 'Order ( COD-1993009327 ) was taken by Delivery Person', 'COD-1993009327', 'mer-order-details/Q09ELTE5OTMwMDkzMjc=', 1, '2019-03-21 19:11:34'),
(92, 1, 1, 'gr_delivery_member', 'gr_delivery_manager', 'Order ( COD-1993009327 ) was taken by Delivery Person', 'COD-1993009327', 'delivery-track-order/Q09ELTE5OTMwMDkzMjc=/NA==', 0, '2019-03-21 19:11:34'),
(93, 1, 5, 'gr_delivery_member', 'gr_customer', 'Order ( COD-1993009327 ) was taken by Delivery Person', 'COD-1993009327', 'track-order/Q09ELTE5OTMwMDkzMjc=', 0, '2019-03-21 19:11:34'),
(94, 4, 6, 'gr_customer', 'gr_merchant', 'New order ( COD-1028503835 )  placed by Suganya T!', 'COD-1028503835', 'mer-order-details/Q09ELTEwMjg1MDM4MzU=', 0, '2019-03-22 03:53:40'),
(95, 4, 2, 'gr_customer', 'gr_admin', 'New order ( COD-1028503835 )  placed by Suganya T!', 'COD-1028503835', 'admin-track-order/Q09ELTEwMjg1MDM4MzU=', 1, '2019-03-22 03:53:40'),
(96, 4, 6, 'gr_customer', 'gr_merchant', 'New order ( COD-373956505 )  placed by Suganya T!', 'COD-373956505', 'mer-order-details/Q09ELTM3Mzk1NjUwNQ==', 0, '2019-03-22 20:07:24'),
(97, 4, 2, 'gr_customer', 'gr_admin', 'New order ( COD-373956505 )  placed by Suganya T!', 'COD-373956505', 'admin-track-order/Q09ELTM3Mzk1NjUwNQ==', 1, '2019-03-22 20:07:24'),
(98, 4, 4, 'gr_customer', 'gr_merchant', 'New order ( COD-814428214 )  placed by Suganya T!', 'COD-814428214', 'mer-order-details/Q09ELTgxNDQyODIxNA==', 0, '2019-03-24 19:37:30'),
(99, 4, 2, 'gr_customer', 'gr_admin', 'New order ( COD-814428214 )  placed by Suganya T!', 'COD-814428214', 'admin-track-order/Q09ELTgxNDQyODIxNA==', 1, '2019-03-24 19:37:30'),
(100, 1, 1, 'gr_delivery_manager', 'gr_delivery_member', 'Order(COD-1507006327) has been assigned', 'COD-1507006327', '', 0, '2019-03-24 19:39:13'),
(101, 4, 7, 'gr_customer', 'gr_merchant', 'New order ( COD-1745466226 )  placed by Suganya T!', 'COD-1745466226', 'mer-order-details/Q09ELTE3NDU0NjYyMjY=', 0, '2019-03-24 20:48:05'),
(102, 4, 2, 'gr_customer', 'gr_admin', 'New order ( COD-1745466226 )  placed by Suganya T!', 'COD-1745466226', 'admin-track-order/Q09ELTE3NDU0NjYyMjY=', 1, '2019-03-24 20:48:05'),
(103, 4, 4, 'gr_customer', 'gr_merchant', 'New order ( COD-1420828266 )  placed by Suganya T!', 'COD-1420828266', 'mer-order-details/Q09ELTE0MjA4MjgyNjY=', 0, '2019-03-26 17:27:33'),
(104, 4, 2, 'gr_customer', 'gr_admin', 'New order ( COD-1420828266 )  placed by Suganya T!', 'COD-1420828266', 'admin-track-order/Q09ELTE0MjA4MjgyNjY=', 1, '2019-03-26 17:27:33'),
(105, 4, 3, 'gr_customer', 'gr_merchant', 'New order ( COD-2126954332 )  placed by Suganya T!', 'COD-2126954332', 'mer-order-details/Q09ELTIxMjY5NTQzMzI=', 0, '2019-03-26 17:38:08'),
(106, 4, 2, 'gr_customer', 'gr_admin', 'New order ( COD-2126954332 )  placed by Suganya T!', 'COD-2126954332', 'admin-track-order/Q09ELTIxMjY5NTQzMzI=', 1, '2019-03-26 17:38:08'),
(107, 1, 1, 'gr_delivery_manager', 'gr_delivery_member', 'Order(COD-2126954332) has been assigned', 'COD-2126954332', '', 0, '2019-03-26 17:39:27'),
(108, 4, 4, 'gr_customer', 'gr_merchant', 'New order ( COD-149216491 )  placed by Suganya T!', 'COD-149216491', 'mer-order-details/Q09ELTE0OTIxNjQ5MQ==', 0, '2019-03-28 14:40:41'),
(109, 4, 2, 'gr_customer', 'gr_admin', 'New order ( COD-149216491 )  placed by Suganya T!', 'COD-149216491', 'admin-track-order/Q09ELTE0OTIxNjQ5MQ==', 0, '2019-03-28 14:40:41'),
(110, 4, 4, 'gr_customer', 'gr_merchant', 'New order ( paypal1221763877 )  placed by Suganya T!', 'paypal1221763877', 'mer-order-details/cGF5cGFsMTIyMTc2Mzg3Nw==', 0, '2019-03-28 14:42:11'),
(111, 4, 2, 'gr_customer', 'gr_admin', 'New order ( paypal1221763877 )  placed by Suganya T!', 'paypal1221763877', 'admin-track-order/cGF5cGFsMTIyMTc2Mzg3Nw==', 0, '2019-03-28 14:42:11'),
(112, 4, 4, 'gr_customer', 'gr_merchant', 'New order ( COD-1341717277 )  placed by Suganya T!', 'COD-1341717277', 'mer-order-details/Q09ELTEzNDE3MTcyNzc=', 0, '2019-04-02 13:36:46'),
(113, 4, 2, 'gr_customer', 'gr_admin', 'New order ( COD-1341717277 )  placed by Suganya T!', 'COD-1341717277', 'admin-track-order/Q09ELTEzNDE3MTcyNzc=', 0, '2019-04-02 13:36:46'),
(114, 4, 4, 'gr_customer', 'gr_merchant', 'New order ( paypal381955346 )  placed by Suganya T !', 'paypal381955346', 'mer-order-details/cGF5cGFsMzgxOTU1MzQ2', 0, '2019-04-04 15:36:11'),
(115, 4, 2, 'gr_customer', 'gr_admin', 'New order ( paypal381955346 )  placed by Suganya T !', 'paypal381955346', 'admin-track-order/cGF5cGFsMzgxOTU1MzQ2', 0, '2019-04-04 15:36:11');

-- --------------------------------------------------------

--
-- Table structure for table `gr_general_setting`
--

CREATE TABLE `gr_general_setting` (
  `gs_id` int(10) NOT NULL,
  `gs_sitename` varchar(100) DEFAULT NULL,
  `gs_sitename_ar` varchar(100) CHARACTER SET utf8 COLLATE utf8_swedish_ci DEFAULT NULL,
  `gs_banner_text` varchar(255) DEFAULT NULL,
  `gs_sitedescription` varchar(255) DEFAULT NULL,
  `gs_sitedescription_ar` varchar(300) CHARACTER SET utf8mb4 COLLATE utf8mb4_swedish_ci DEFAULT NULL,
  `gs_email` varchar(255) DEFAULT NULL,
  `gs_phone` varchar(100) DEFAULT NULL,
  `gs_metatitle` varchar(255) DEFAULT NULL,
  `gs_metatitle_ar` varchar(200) CHARACTER SET utf8 COLLATE utf8_swedish_ci DEFAULT NULL,
  `gs_metakeywords` varchar(255) DEFAULT NULL,
  `gs_metakeywords_ar` varchar(300) DEFAULT NULL,
  `gs_metadesc` varchar(255) DEFAULT NULL,
  `gs_metadesc_ar` varchar(300) DEFAULT NULL,
  `gs_footerdesc` varchar(255) NOT NULL,
  `gs_footerdesc_ar` varchar(300) DEFAULT NULL,
  `paypal_account_email` varchar(255) DEFAULT NULL,
  `paypal_api_password` varchar(255) DEFAULT NULL,
  `paypal_api_signature` varchar(255) DEFAULT NULL,
  `payment_mode` int(11) DEFAULT NULL COMMENT '0-Test, 1-Live',
  `facebook_app_id_web` varchar(200) DEFAULT NULL,
  `facebook_app_id_android` varchar(255) DEFAULT NULL,
  `facebook_secret_key` varchar(200) DEFAULT NULL,
  `facebook_secret_key_mobile` varchar(255) DEFAULT NULL,
  `facebook_page_url` varchar(255) DEFAULT NULL,
  `gs_facebook_redirect_url` varchar(255) DEFAULT NULL,
  `google_client_id_web` varchar(255) DEFAULT NULL,
  `google_client_id_mobile` varchar(255) NOT NULL,
  `google_secret_key` varchar(255) DEFAULT NULL,
  `google_redirect_url` varchar(255) DEFAULT NULL,
  `google_page_url` varchar(255) NOT NULL,
  `google_map_key_web` varchar(255) DEFAULT NULL,
  `google_map_key_android` varchar(255) NOT NULL,
  `google_map_key_ios` varchar(255) NOT NULL,
  `analytics_code` text,
  `admin_commission` int(10) DEFAULT NULL,
  `otp_verification_status` tinyint(2) DEFAULT NULL COMMENT '0 - disable,1-enable',
  `mail_verification_status` tinyint(2) DEFAULT NULL COMMENT '0 - disable,1-enable',
  `self_pickup_status` tinyint(2) DEFAULT NULL COMMENT '0 - disable,1-enable',
  `footer_text` varchar(255) DEFAULT NULL,
  `footer_text_ar` varchar(200) DEFAULT NULL,
  `twitter_page_url` varchar(255) DEFAULT NULL,
  `linkedin_page_url` varchar(255) NOT NULL,
  `gs_playstore_url` varchar(255) DEFAULT NULL,
  `gs_apple_appstore_url` varchar(255) DEFAULT NULL,
  `gs_smtp_host` varchar(255) DEFAULT NULL,
  `gs_smtp_port` varchar(255) DEFAULT NULL,
  `gs_smtp_email` varchar(255) DEFAULT NULL,
  `gs_smtp_password` varchar(255) DEFAULT NULL,
  `gs_delivery_fee_status` int(11) NOT NULL COMMENT '1-Enable,0-Disable',
  `gs_del_fee_type` enum('common_fee','km_fee') NOT NULL DEFAULT 'common_fee',
  `gs_delivery_fee` decimal(10,2) DEFAULT NULL,
  `gs_km_fee` decimal(10,2) NOT NULL DEFAULT '0.00',
  `gs_currency_code` varchar(100) CHARACTER SET utf8 DEFAULT NULL,
  `gs_hippo_chat_status` int(11) DEFAULT NULL COMMENT '0=>Disable, 1=>Enable',
  `gs_hippo_secret_key` varchar(255) DEFAULT NULL,
  `gs_twilio_sid` varchar(255) DEFAULT NULL,
  `gs_twilio_token` varchar(255) DEFAULT NULL,
  `gs_twilio_from` varchar(255) DEFAULT NULL,
  `gs_show_inventory` smallint(2) NOT NULL DEFAULT '1' COMMENT '0-no,1-yes',
  `gs_abandoned_mail` enum('0','1') DEFAULT '1' COMMENT '1-Enable,0-Disable',
  `gs_mail_after` varchar(100) DEFAULT NULL,
  `gs_mail_duration` enum('hours','day') DEFAULT 'hours',
  `gs_refer_friend` enum('0','1') DEFAULT NULL COMMENT '1-Enable,0-Disable',
  `gs_offer_percentage` int(10) DEFAULT NULL,
  `gs_password_protect` enum('0','1') NOT NULL DEFAULT '0' COMMENT '1-Enable,0-Disable',
  `gs_show_captcha` enum('0','1') NOT NULL DEFAULT '0' COMMENT '1-Enable,0-Disable',
  `suspend_status` enum('0','1') NOT NULL DEFAULT '0' COMMENT '1-Enable,0-Disable',
  `max_attempt` int(11) DEFAULT NULL,
  `suspend_time` smallint(2) DEFAULT NULL,
  `suspend_duration` enum('minutes','hours') NOT NULL DEFAULT 'minutes',
  `common_commission` double DEFAULT NULL,
  `playstore_link` varchar(200) NOT NULL,
  `itunes_link` varchar(200) NOT NULL,
  `playstore_link_merchant` varchar(255) DEFAULT NULL,
  `itunes_link_merchant` varchar(255) DEFAULT NULL,
  `playstore_link_deliver` varchar(255) DEFAULT NULL,
  `itunes_link_deliver` varchar(255) DEFAULT NULL,
  `prefooter_text` varchar(100) NOT NULL,
  `prefooter_text_ar` varchar(100) DEFAULT NULL,
  `prefooter_desc` varchar(300) NOT NULL,
  `prefooter_desc_ar` varchar(250) DEFAULT NULL,
  `app_sec_image` varchar(300) NOT NULL,
  `gs_login_image` varchar(300) DEFAULT NULL,
  `gs_delivery_kmrange` varchar(30) NOT NULL,
  `gs_featured_store` int(11) NOT NULL,
  `gs_featured_price` decimal(10,2) DEFAULT NULL,
  `gs_featured_numstore` int(11) DEFAULT NULL,
  `gs_feature_res_image` varchar(100) DEFAULT NULL,
  `gs_agent_module` int(11) NOT NULL,
  `video_tutorial_status` enum('1','0') NOT NULL DEFAULT '0',
  `gs_currency_api` varchar(255) NOT NULL
) ENGINE=InnoDB DEFAULT CHARSET=latin1;

--
-- Dumping data for table `gr_general_setting`
--

INSERT INTO `gr_general_setting` (`gs_id`, `gs_sitename`, `gs_sitename_ar`, `gs_banner_text`, `gs_sitedescription`, `gs_sitedescription_ar`, `gs_email`, `gs_phone`, `gs_metatitle`, `gs_metatitle_ar`, `gs_metakeywords`, `gs_metakeywords_ar`, `gs_metadesc`, `gs_metadesc_ar`, `gs_footerdesc`, `gs_footerdesc_ar`, `paypal_account_email`, `paypal_api_password`, `paypal_api_signature`, `payment_mode`, `facebook_app_id_web`, `facebook_app_id_android`, `facebook_secret_key`, `facebook_secret_key_mobile`, `facebook_page_url`, `gs_facebook_redirect_url`, `google_client_id_web`, `google_client_id_mobile`, `google_secret_key`, `google_redirect_url`, `google_page_url`, `google_map_key_web`, `google_map_key_android`, `google_map_key_ios`, `analytics_code`, `admin_commission`, `otp_verification_status`, `mail_verification_status`, `self_pickup_status`, `footer_text`, `footer_text_ar`, `twitter_page_url`, `linkedin_page_url`, `gs_playstore_url`, `gs_apple_appstore_url`, `gs_smtp_host`, `gs_smtp_port`, `gs_smtp_email`, `gs_smtp_password`, `gs_delivery_fee_status`, `gs_del_fee_type`, `gs_delivery_fee`, `gs_km_fee`, `gs_currency_code`, `gs_hippo_chat_status`, `gs_hippo_secret_key`, `gs_twilio_sid`, `gs_twilio_token`, `gs_twilio_from`, `gs_show_inventory`, `gs_abandoned_mail`, `gs_mail_after`, `gs_mail_duration`, `gs_refer_friend`, `gs_offer_percentage`, `gs_password_protect`, `gs_show_captcha`, `suspend_status`, `max_attempt`, `suspend_time`, `suspend_duration`, `common_commission`, `playstore_link`, `itunes_link`, `playstore_link_merchant`, `itunes_link_merchant`, `playstore_link_deliver`, `itunes_link_deliver`, `prefooter_text`, `prefooter_text_ar`, `prefooter_desc`, `prefooter_desc_ar`, `app_sec_image`, `gs_login_image`, `gs_delivery_kmrange`, `gs_featured_store`, `gs_featured_price`, `gs_featured_numstore`, `gs_feature_res_image`, `gs_agent_module`, `video_tutorial_status`, `gs_currency_api`) VALUES
(2, 'ShopUrFood', 'shopurdood arabic', NULL, 'food catering establishments that may be described as restaurants have been known since the 11th century in Kaifeng, China\'s capital during the first half of the Song dynasty (960–1279). Probably growing out of the tea houses and taverns that cater react', 'food catering establishments that may be described as restaurants have been known since the 11th century in Kaifeng, China\'s capital during the first half of the Song dynasty arabic', 'suganya.t@mailinator.com', '+919092398789', 'adasd', 'meta arabic', 'sadasd', 'keyword Arabic', 'meta description', 'meta description arabic', 'The descriptive text to display in the footer of the ToolTip. The registered default is null. For more information about what can influence the value.', 'description arabic', NULL, NULL, NULL, NULL, '2143759955671650', '161491604244904161491604244904161491604244904', '97d0192b4c34e8a7799a51e07942a556', NULL, 'https://www.facebook.com/', 'https://demo.shopurfood.com/auth/facebook/callback', '623255694108-1pdt2irmj16vfnl1mqnpnfjsjckm78gh.apps.googleusercontent.com', '161491604244904161491604244904161491604244904161491604244904161491604244904161491604244904', 'ifUhZF8cY2mRzbmGlW1CDHP6', 'https://demo.shopurfood.com/auth/google/callback', 'https://www.google.co.in', 'AIzaSyCsDoY1OPjAqu1PlQhH3UljYsfw-81bLkI', '161491604244904161491604244904161491604244904', '161491604244904161491604244904161491604244904', '<!-- Global site tag (gtag.js) - Google Analytics -->\r\n<script async src=\"https://www.googletagmanager.com/gtag/js?id=UA-62671250-14\"></script>\r\n<script>\r\n window.dataLayer = window.dataLayer || [];\r\n function gtag(){dataLayer.push(arguments);}\r\n gtag(\'js\', new Date());\r\n\r\n gtag(\'config\', \'UA-62671250-14\');\r\n</script>', NULL, 0, 0, 1, '2017-2018 Shopurfood.com', 'meta arabic', 'https://www.google.co.in', 'https://www.google.co.in', 'https://google.co.in', 'https://google.co.in', 'smtp.gmail.com', '587', 'kailashkumar.r@pofitec.com', '9367523015', 1, 'common_fee', '1.00', '10.00', '$', 0, 'b9fb379f4caedd1eef05fc183b317d06', 'ACed397ba8c6eee861dcf06eb0be326404', '5f0d3150358a2eacfb7e6090b3ef8c9f', '+15104021293', 1, '1', '12', 'hours', '1', 12, '0', '1', '0', 2, 1, 'minutes', 5, 'https://www.google.co.in', 'https://www.google.co.in', NULL, NULL, NULL, NULL, 'Dependency Property Information', 'pre foot title', 'food catering establishments that may be described as restaurants have been known since the 11th century in Kaifeng, China\'s capital during the first half of the Song dynasty (960–1279). Probably growing out of the tea houses and taverns that catered to travellers, Kaifeng', 'pre food dec', 'app_1168001068.png', 'login_139469889.png', '60', 1, '100.00', 12, 'featured_1372216175.jpg', 0, '0', '65fd4f1df7f6d16c887f');

-- --------------------------------------------------------

--
-- Table structure for table `gr_language`
--

CREATE TABLE `gr_language` (
  `id` int(10) NOT NULL,
  `lang_name` varchar(255) NOT NULL,
  `lang_code` varchar(10) NOT NULL,
  `default_lang` enum('0','1') NOT NULL COMMENT '0-none,1-default',
  `co_id` int(10) NOT NULL,
  `status` enum('0','1','2','') NOT NULL COMMENT '0-block,1-active,2-delete'
) ENGINE=InnoDB DEFAULT CHARSET=latin1;

--
-- Dumping data for table `gr_language`
--

INSERT INTO `gr_language` (`id`, `lang_name`, `lang_code`, `default_lang`, `co_id`, `status`) VALUES
(1, 'English', 'en', '1', 3, '1'),
(2, 'Arabic', 'ar', '0', 1, '1');

-- --------------------------------------------------------

--
-- Table structure for table `gr_logo_settings`
--

CREATE TABLE `gr_logo_settings` (
  `id` int(11) NOT NULL,
  `front_logo` varchar(255) DEFAULT NULL,
  `admin_logo` varchar(255) DEFAULT NULL,
  `favicon` varchar(255) DEFAULT NULL,
  `restaurant_image` varchar(255) DEFAULT NULL,
  `store_image` varchar(255) DEFAULT NULL,
  `andr_logo` varchar(255) DEFAULT NULL,
  `andr_splash_img_cus` varchar(255) DEFAULT NULL,
  `andr_splash_img_vendor` varchar(255) DEFAULT NULL,
  `andr_splash_img_delivery` varchar(255) DEFAULT NULL,
  `ios_splash_img_cus` varchar(255) DEFAULT NULL,
  `ios_login_sc_logo` varchar(255) DEFAULT NULL,
  `ios_register_sc_logo` varchar(255) DEFAULT NULL,
  `ios_forget_pw_logo` varchar(255) DEFAULT NULL,
  `ios_splash_img_vendor` varchar(255) DEFAULT NULL,
  `ios_splash_img_delivery` varchar(255) DEFAULT NULL
) ENGINE=InnoDB DEFAULT CHARSET=latin1;

--
-- Dumping data for table `gr_logo_settings`
--

INSERT INTO `gr_logo_settings` (`id`, `front_logo`, `admin_logo`, `favicon`, `restaurant_image`, `store_image`, `andr_logo`, `andr_splash_img_cus`, `andr_splash_img_vendor`, `andr_splash_img_delivery`, `ios_splash_img_cus`, `ios_login_sc_logo`, `ios_register_sc_logo`, `ios_forget_pw_logo`, `ios_splash_img_vendor`, `ios_splash_img_delivery`) VALUES
(1, 'front_39285036.png', 'admin_1224586248.png', 'favicon_578202650.png', NULL, NULL, 'andr_logo1128794714.png', 'splash_914253926.png', 'splash_vendor_1567733639.jpg', 'splash_delivery_1402508698.png', 'ios_splash_cus1147552318.png', 'ios_login_logo866069888.png', 'ios_signup_logo341633911.png', 'ios_frpw_logo627680507.png', 'ios_splash_vendor208150481.png', 'ios_splash_delivery_798064163.png');

-- --------------------------------------------------------

--
-- Table structure for table `gr_merchant`
--

CREATE TABLE `gr_merchant` (
  `id` int(10) NOT NULL,
  `addedby` int(11) NOT NULL DEFAULT '0' COMMENT '0->Admin,1-merchant',
  `mer_fname` varchar(100) NOT NULL,
  `mer_lname` varchar(100) NOT NULL,
  `mer_email` varchar(255) NOT NULL,
  `mer_password` varchar(100) NOT NULL,
  `mer_decrypt_password` varchar(255) DEFAULT NULL,
  `mer_phone` varchar(100) NOT NULL,
  `mer_cancel_policy` text,
  `mer_cancel_policy_ar` varchar(250) DEFAULT NULL,
  `idproof` varchar(100) DEFAULT NULL,
  `license` varchar(100) DEFAULT NULL,
  `refund_status` enum('Yes','No') NOT NULL,
  `cancel_status` enum('Yes','No') NOT NULL DEFAULT 'Yes',
  `mer_currency_code` varchar(10) CHARACTER SET utf8 NOT NULL,
  `mer_paynamics_clientid` varchar(255) DEFAULT NULL,
  `mer_paynamics_secretid` varchar(255) DEFAULT NULL,
  `mer_paynamics_mode` enum('Live','Sandbox') DEFAULT NULL,
  `mer_paynamics_status` enum('Publish','Unpublish') DEFAULT 'Unpublish',
  `mer_paymaya_clientid` varchar(255) DEFAULT NULL,
  `mer_paymaya_secretid` varchar(255) DEFAULT NULL,
  `mer_paymaya_mode` enum('Live','Sandbox') DEFAULT NULL,
  `mer_paymaya_status` enum('Publish','Unpublish') DEFAULT 'Unpublish',
  `mer_netbank_status` enum('Publish','Unpublish') DEFAULT 'Unpublish',
  `mer_bank_accno` varchar(255) DEFAULT NULL,
  `mer_bank_name` varchar(255) DEFAULT NULL,
  `mer_branch` varchar(255) DEFAULT NULL,
  `mer_ifsc` varchar(255) DEFAULT NULL,
  `mer_commission` decimal(10,2) DEFAULT NULL,
  `mer_location` varchar(2555) DEFAULT NULL,
  `mer_city` varchar(255) DEFAULT NULL,
  `mer_state` varchar(255) DEFAULT NULL,
  `mer_country` varchar(255) DEFAULT NULL,
  `mer_latitude` varchar(100) DEFAULT NULL,
  `mer_longitude` varchar(100) DEFAULT NULL,
  `mer_serving_radius` int(10) DEFAULT NULL,
  `mer_mininmum_order` int(10) DEFAULT NULL,
  `mer_profile_img` varchar(100) DEFAULT NULL,
  `mer_status` enum('0','1','2') NOT NULL DEFAULT '1' COMMENT '0-block,1-active,2-delete',
  `mer_created_date` date NOT NULL,
  `mer_updated_date` date DEFAULT NULL,
  `has_shop` int(11) DEFAULT '0' COMMENT '0-no,1-yes',
  `mer_business_type` enum('1','2') NOT NULL COMMENT '1-Store, 2-Restaurant',
  `mer_total_commission_amount` decimal(10,2) NOT NULL,
  `mer_balance_commission_amount` decimal(10,2) NOT NULL,
  `mer_admin_paid_amount` decimal(10,2) NOT NULL,
  `mer_read_status` int(11) NOT NULL DEFAULT '0',
  `mer_comissionstatus` tinyint(4) DEFAULT NULL,
  `mer_andr_fcm_id` text,
  `mer_ios_fcm_id` text
) ENGINE=InnoDB DEFAULT CHARSET=latin1;

--
-- Dumping data for table `gr_merchant`
--

INSERT INTO `gr_merchant` (`id`, `addedby`, `mer_fname`, `mer_lname`, `mer_email`, `mer_password`, `mer_decrypt_password`, `mer_phone`, `mer_cancel_policy`, `mer_cancel_policy_ar`, `idproof`, `license`, `refund_status`, `cancel_status`, `mer_currency_code`, `mer_paynamics_clientid`, `mer_paynamics_secretid`, `mer_paynamics_mode`, `mer_paynamics_status`, `mer_paymaya_clientid`, `mer_paymaya_secretid`, `mer_paymaya_mode`, `mer_paymaya_status`, `mer_netbank_status`, `mer_bank_accno`, `mer_bank_name`, `mer_branch`, `mer_ifsc`, `mer_commission`, `mer_location`, `mer_city`, `mer_state`, `mer_country`, `mer_latitude`, `mer_longitude`, `mer_serving_radius`, `mer_mininmum_order`, `mer_profile_img`, `mer_status`, `mer_created_date`, `mer_updated_date`, `has_shop`, `mer_business_type`, `mer_total_commission_amount`, `mer_balance_commission_amount`, `mer_admin_paid_amount`, `mer_read_status`, `mer_comissionstatus`, `mer_andr_fcm_id`, `mer_ios_fcm_id`) VALUES
(1, 0, 'Lakshmi', 'C', 'lakshmi@pofitec.com', '25bb5e83adc2b9dc042b99ddba5808d4', 'qBZ3Y4', '+19790153222', 'Funds will be refunded after 1 days from cancellation', 'Funds will be refunded after 1 days from cancellation', 'manager1552134035.jpg', 'manager1552134035.jpg', 'Yes', 'Yes', '$', NULL, NULL, NULL, 'Unpublish', NULL, NULL, NULL, 'Unpublish', 'Unpublish', '4674848', 'ICICI', 'Ram nagar', 'g8888', '10.00', 'Los Angeles, CA, USA', 'Los Angeles', 'California', 'United States', NULL, NULL, NULL, NULL, NULL, '1', '2019-03-09', '2019-03-09', 1, '2', '0.00', '0.00', '0.00', 1, NULL, NULL, NULL),
(2, 0, 'priya', 'aan', 'priyadharsini@pofitec.com', 'fc4b387c800114e9c668878c79f7db51', '9yMH3q', '+112345689', 'ksdjafjaskljjg', NULL, 'manager1552134175.jpg', 'manager1552134175.jpg', 'Yes', 'Yes', '$', NULL, NULL, NULL, 'Unpublish', NULL, NULL, NULL, 'Unpublish', 'Unpublish', '578568597', 'ICICI', 'los angeles', 'fdhdfjgk', '10.00', 'Los Angeles, CA, USA', 'Los Angeles', 'California', 'United States', NULL, NULL, NULL, NULL, NULL, '1', '2019-03-09', '2019-03-09', 1, '2', '0.00', '0.00', '0.00', 1, NULL, NULL, NULL),
(3, 0, 'sathya', 'priya', 'sathyapriya@pofitec.com', 'e10adc3949ba59abbe56e057f20f883e', '123456', '+198765412', 'before 1 hour only', '??? ???? ????? ???', 'manager1552134289.jpg', 'manager1552134289.jpg', 'Yes', 'Yes', '$', NULL, NULL, NULL, 'Unpublish', NULL, NULL, NULL, 'Unpublish', 'Unpublish', '4674848', 'icicic', 'los angeles', 'fdhdfjgk', '5.00', 'Los Angeles, CA, USA', 'Los Angeles', 'California', 'United States', NULL, NULL, NULL, NULL, NULL, '1', '2019-03-09', '2019-03-09', 1, '2', '0.00', '0.00', '0.00', 1, NULL, NULL, NULL),
(4, 0, 'suganya', 'pofi', 'suganya@mailinator.com', '5742e03d2f0334d7314f81f29b7dd89c', 'pdvt9A', '+1978564310', 'fty', 'trur', 'manager1552134924.jpg', 'manager1552134924.jpg', 'Yes', 'Yes', '$', NULL, NULL, NULL, 'Unpublish', NULL, NULL, NULL, 'Unpublish', 'Unpublish', '578568597', 'Bank of America', 'los angeles', 'g8888', '10.00', 'Los Angeles, CA, USA', 'Los Angeles', 'California', 'United States', NULL, NULL, NULL, NULL, NULL, '1', '2019-03-09', '2019-03-09', 1, '2', '0.00', '0.00', '0.00', 1, NULL, 'dG3FLrnEAmM:APA91bGLEJ7CHqeaizwhWvDNZg779-HRp0crxeCXRy_15ruClndSftmS_DrzlUT1dz4Yqu8_iSi6d2M2HAcb-djMKFPCCb7IeCUTP6rBuzCnZfw0AAqUiYjgyIdKruVjax3UgRZ7mSdL', NULL),
(5, 0, 'SuganyaA', 'A', 'suganyapofi@gmail.com', '489732ca364229e5eae2012639881d27', 'ewMikF', '+19898989878', 'If you cancel your IELTS test up to five weeks before the test date, you will receive a refund minus an administration fee of 25% of the test fee. ... To cancel your test date, please download and complete our Request for Refund or Test Date Transfer Form and send it by email.', '??? ??? ?????? ?????? IELTS ????? ?? ??? ???? ?????? ??? ????? ???????? ? ??????? ??????? ???? ???? ??? ????? ????? 25? ?? ???? ????????. ... ?????? ????? ???????? ? ???? ????? ?????? ??? ??????? ????', 'manager1552135063.png', 'manager1552135063.png', 'Yes', 'Yes', '$', NULL, NULL, NULL, 'Unpublish', NULL, NULL, NULL, 'Unpublish', 'Unpublish', '1234456', 'Bank of America', 'los angeles', '12345', '3.00', 'Los Angeles, Los Angeles, CA, USA', 'Los Angeles', 'California', 'United States', NULL, NULL, NULL, NULL, NULL, '1', '2019-03-09', '2019-03-09', 1, '2', '0.00', '0.00', '0.00', 1, 0, NULL, NULL),
(6, 0, 'Gokul', 'Raj', 'karthik@pofitec.com', 'a7954c9048e4ed309c189c6bb163f7cc', 'vG%9wJ', '+1786545645', 'Cancellation policy', 'Cancellation policy', 'manager1552297279.png', 'manager1552297279.jpg', 'Yes', 'No', '$', NULL, NULL, NULL, 'Unpublish', NULL, NULL, NULL, 'Unpublish', 'Unpublish', '4654654564', 'Bank of America', 'Los Angles', '1545645', '5.00', 'Los Angeles, CA, USA', 'Los Angeles', 'California', 'United States', NULL, NULL, NULL, NULL, NULL, '1', '2019-03-11', '2019-03-11', 1, '2', '0.00', '0.00', '0.00', 1, NULL, NULL, NULL),
(7, 0, 'Ram', 'charan', 'gopisunkara@pofitec.com', 'a1397ffb6c538ffe640c37cfa8318a1d', '=jY5Cx', '+15465465', NULL, NULL, 'manager1552297873.jpg', 'manager1552297873.jpg', 'Yes', 'No', '$', NULL, NULL, NULL, 'Unpublish', NULL, NULL, NULL, 'Unpublish', 'Unpublish', '456231', 'Bank of America', 'Los Angels', '124548', '5.00', 'Los Angeles, CA, USA', 'Los Angeles', 'California', 'United States', NULL, NULL, NULL, NULL, NULL, '1', '2019-03-11', '2019-03-11', 1, '2', '0.00', '0.00', '0.00', 1, NULL, NULL, NULL),
(8, 0, 'Sunkara', 'Gopi', 'gopisunkara@gmail.com', '22b84d890a37a2e6ef7b1fc94a9d1729', 'fUt&YX', '+1465465465', 'no', 'no', 'manager1552298661.jpg', 'manager1552298661.jpg', 'Yes', 'No', '$', NULL, NULL, NULL, 'Unpublish', NULL, NULL, NULL, 'Unpublish', 'Unpublish', '54545', 'Bank of America', 'Los Angels', '2121', '5.00', 'Los Angeles, CA, USA', 'Los Angeles', 'California', 'United States', NULL, NULL, NULL, NULL, NULL, '1', '2019-03-11', '2019-03-11', 1, '2', '0.00', '0.00', '0.00', 1, NULL, NULL, NULL),
(9, 1, 'Claudio', 'Baima', 'baimaclaudio@gmail.com', 'a910570b26e72a68fcdc226b8c253a91', ':xd*f4', '+558531210800', NULL, NULL, NULL, NULL, 'Yes', 'Yes', '$', NULL, NULL, NULL, NULL, NULL, NULL, NULL, NULL, NULL, NULL, NULL, NULL, NULL, '5.00', NULL, NULL, NULL, NULL, NULL, NULL, NULL, NULL, NULL, '1', '0000-00-00', NULL, 1, '2', '0.00', '0.00', '0.00', 1, NULL, NULL, NULL),
(10, 1, 'Lakshmi', 'karthika', 'lakshmikarthika@pofitec.com', '26e4138372a362782c2c1bdad518eacc', 'yfWes.', '+15354345354', NULL, NULL, NULL, NULL, 'Yes', 'Yes', '$', NULL, NULL, NULL, NULL, NULL, NULL, NULL, NULL, NULL, NULL, NULL, NULL, NULL, '5.00', NULL, NULL, NULL, NULL, NULL, NULL, NULL, NULL, NULL, '0', '0000-00-00', NULL, 0, '2', '0.00', '0.00', '0.00', 1, NULL, NULL, NULL);

-- --------------------------------------------------------

--
-- Table structure for table `gr_merchant_commission`
--

CREATE TABLE `gr_merchant_commission` (
  `mer_commission_id` int(10) NOT NULL,
  `commision_admin_id` int(10) NOT NULL,
  `commission_mer_id` int(10) NOT NULL,
  `commission_paid` float NOT NULL,
  `commission_currency` varchar(255) CHARACTER SET utf8 NOT NULL,
  `mer_commission_status` int(10) NOT NULL COMMENT '1-Pending,2-Success,3-Failed',
  `mer_transaction_id` varchar(100) NOT NULL,
  `mer_paymaya_pmtId` text NOT NULL,
  `mer_paymaya_receiptnum` text NOT NULL,
  `mer_paymaya_paid_time` text NOT NULL,
  `mer_paymaya_last4` text NOT NULL,
  `mer_paymaya_cardtype` text NOT NULL,
  `mer_paymaya_maskedcard` text NOT NULL,
  `stripetoken` varchar(100) DEFAULT NULL,
  `stripeid` varchar(100) DEFAULT NULL,
  `stripecardno` varchar(20) DEFAULT NULL,
  `stripeexpirymonth` varchar(10) DEFAULT NULL,
  `stripeexpiryyear` varchar(10) DEFAULT NULL,
  `stripeccvno` varchar(5) DEFAULT NULL,
  `pay_type` int(1) NOT NULL COMMENT '1-Net banking,2-Paypal,3-Stripe',
  `commission_date` datetime NOT NULL
) ENGINE=InnoDB DEFAULT CHARSET=latin1;

-- --------------------------------------------------------

--
-- Table structure for table `gr_merchant_overallorder`
--

CREATE TABLE `gr_merchant_overallorder` (
  `or_id` int(10) NOT NULL,
  `or_mer_id` int(10) NOT NULL,
  `or_total_order` int(10) NOT NULL DEFAULT '0',
  `or_admin_amt` decimal(10,2) NOT NULL DEFAULT '0.00',
  `or_coupon_amt` decimal(10,2) NOT NULL DEFAULT '0.00',
  `or_cancel_amt` decimal(10,2) NOT NULL DEFAULT '0.00',
  `or_mer_amt` decimal(10,2) NOT NULL DEFAULT '0.00'
) ENGINE=InnoDB DEFAULT CHARSET=latin1;

--
-- Dumping data for table `gr_merchant_overallorder`
--

INSERT INTO `gr_merchant_overallorder` (`or_id`, `or_mer_id`, `or_total_order`, `or_admin_amt`, `or_coupon_amt`, `or_cancel_amt`, `or_mer_amt`) VALUES
(1, 3, 5, '69.20', '0.00', '0.00', '1314.80'),
(2, 4, 9, '127.50', '0.00', '0.00', '22.50'),
(3, 2, 10, '173.00', '0.00', '0.00', '540.00'),
(4, 7, 3, '105.00', '0.00', '0.00', '237.50'),
(5, 1, 1, '3.00', '0.00', '0.00', '0.00'),
(6, 6, 2, '6.50', '0.00', '0.00', '0.00');

-- --------------------------------------------------------

--
-- Table structure for table `gr_newsletter_subscription`
--

CREATE TABLE `gr_newsletter_subscription` (
  `id` int(11) NOT NULL,
  `news_email_id` varchar(255) NOT NULL,
  `news_status` int(11) NOT NULL,
  `subs_date` datetime NOT NULL
) ENGINE=InnoDB DEFAULT CHARSET=latin1;

--
-- Dumping data for table `gr_newsletter_subscription`
--

INSERT INTO `gr_newsletter_subscription` (`id`, `news_email_id`, `news_status`, `subs_date`) VALUES
(1, 'lakshmi@pofitec.com', 1, '0000-00-00 00:00:00');

-- --------------------------------------------------------

--
-- Table structure for table `gr_notification`
--

CREATE TABLE `gr_notification` (
  `no_id` int(10) NOT NULL,
  `no_mer_id` int(10) DEFAULT NULL,
  `no_status` enum('1','2') DEFAULT NULL COMMENT '1-Pay request',
  `read_status` enum('0','1') DEFAULT '0' COMMENT '0-not read,1- read'
) ENGINE=InnoDB DEFAULT CHARSET=latin1;

-- --------------------------------------------------------

--
-- Table structure for table `gr_no_images`
--

CREATE TABLE `gr_no_images` (
  `id` int(11) NOT NULL,
  `banner_image` varchar(255) NOT NULL,
  `restaurant_store_image` varchar(255) NOT NULL,
  `restaurant_item_image` varchar(255) NOT NULL,
  `product_image` varchar(255) NOT NULL,
  `landing_image` varchar(255) NOT NULL,
  `logo_image` varchar(255) NOT NULL,
  `shop_logo_image` varchar(255) DEFAULT NULL,
  `category_image` varchar(100) DEFAULT NULL
) ENGINE=InnoDB DEFAULT CHARSET=latin1;

--
-- Dumping data for table `gr_no_images`
--

INSERT INTO `gr_no_images` (`id`, `banner_image`, `restaurant_store_image`, `restaurant_item_image`, `product_image`, `landing_image`, `logo_image`, `shop_logo_image`, `category_image`) VALUES
(1, 'banner1552109153.jpg', 'res_store1552109153.jpg', 'res_item1552109153.jpg', '', '', 'logo1552109153.png', 'shop_logo1552109153.png', NULL);

-- --------------------------------------------------------

--
-- Table structure for table `gr_order`
--

CREATE TABLE `gr_order` (
  `ord_id` int(10) NOT NULL,
  `ord_cus_id` int(10) NOT NULL,
  `ord_shipping_cus_name` varchar(255) NOT NULL,
  `ord_shipping_address` text,
  `ord_shipping_address1` text COMMENT 'LandMark',
  `ord_shipping_mobile` varchar(255) NOT NULL,
  `ord_shipping_mobile1` varchar(100) DEFAULT NULL,
  `order_ship_mail` varchar(255) DEFAULT NULL,
  `order_ship_latitude` varchar(100) DEFAULT NULL,
  `order_ship_longitude` varchar(100) DEFAULT NULL,
  `ord_merchant_id` int(11) NOT NULL,
  `ord_rest_id` int(11) NOT NULL,
  `ord_pro_id` int(10) NOT NULL,
  `ord_had_choices` enum('Yes','No') NOT NULL,
  `ord_choices` text,
  `ord_choice_amount` decimal(10,2) NOT NULL,
  `ord_spl_req` text,
  `ord_quantity` smallint(5) NOT NULL,
  `ord_currency` varchar(100) CHARACTER SET utf8 DEFAULT NULL,
  `ord_unit_price` decimal(10,2) NOT NULL,
  `ord_sub_total` decimal(10,2) NOT NULL,
  `ord_tax_percent` decimal(10,2) DEFAULT NULL,
  `ord_tax_amt` decimal(10,2) DEFAULT NULL,
  `ord_has_coupon` enum('Yes','No') NOT NULL,
  `ord_coupon_amt` decimal(10,2) DEFAULT NULL,
  `ord_wallet` decimal(10,2) DEFAULT '0.00',
  `ord_delfee_type` enum('common_fee','km_fee') NOT NULL DEFAULT 'common_fee',
  `ord_unit_delfee` decimal(10,2) DEFAULT NULL,
  `ord_delivery_fee` decimal(10,2) DEFAULT '0.00',
  `add_delfee_status` int(11) NOT NULL,
  `ord_grant_total` decimal(10,2) NOT NULL,
  `ord_refund_status` enum('Yes','No') NOT NULL DEFAULT 'No',
  `ord_mer_cancel_status` enum('Yes','No') NOT NULL,
  `ord_type` enum('Product','Item') NOT NULL,
  `ord_pay_type` enum('COD','PAYPAL','STRIPE','WALLET') DEFAULT NULL,
  `ord_transaction_id` varchar(100) DEFAULT NULL,
  `ord_paymaya_pmtId` text,
  `ord_paymaya_receiptnum` text NOT NULL,
  `ord_payment_status` enum('Success','Failed','Pending','') NOT NULL,
  `ord_paymaya_paid_time` text NOT NULL,
  `ord_paymaya_last4` text NOT NULL,
  `ord_paymaya_carttype` text NOT NULL,
  `ord_paymaya_maskedcart` text NOT NULL,
  `ord_status` enum('1','2','3','4','5','6','7','8','9') NOT NULL COMMENT '1-Order placed, 2-Accepted, 3-Rejected, 4-Prepare to deliver,5-Dispatched,6-Started,7-Arrived,8-Delivered,9-Failed',
  `ord_reject_reason` text NOT NULL,
  `ord_date` datetime NOT NULL,
  `ord_admin_amt` decimal(10,2) NOT NULL,
  `ord_delmgr_id` int(10) DEFAULT '0',
  `ord_agent_id` int(10) DEFAULT NULL,
  `ord_delivery_memid` int(11) DEFAULT NULL,
  `ord_pre_order_date` datetime DEFAULT NULL,
  `ord_cancel_status` int(11) NOT NULL DEFAULT '0',
  `ord_cancel_amt` decimal(10,2) NOT NULL DEFAULT '0.00',
  `ord_cancel_reason` text,
  `ord_cancel_date` datetime DEFAULT NULL,
  `ord_cancel_paytype` varchar(255) DEFAULT NULL,
  `ord_cancel_paidamt` decimal(10,2) NOT NULL,
  `ord_cancelpaid_transid` varchar(255) NOT NULL,
  `cancel_paid_date` datetime DEFAULT NULL,
  `ord_cancel_paymaya_pmtId` text NOT NULL,
  `ord_cancel_paymaya_receiptnum` text NOT NULL,
  `ord_cancel_paymaya_paid_time` int(11) NOT NULL,
  `ord_cancel_paymaya_last4` int(11) NOT NULL,
  `ord_cancel_paymaya_cardtype` int(11) NOT NULL,
  `ord_cancel_paymaya_maskedcard` int(11) NOT NULL,
  `ord_cancel_payment_status` enum('1','2') DEFAULT NULL COMMENT '1 - success , 2- failed',
  `ord_self_pickup` int(11) NOT NULL DEFAULT '0',
  `ord_task_status` enum('0','1') NOT NULL DEFAULT '0' COMMENT '0-not assigned,1-assigned',
  `ord_taskassigned_date` datetime DEFAULT NULL,
  `ord_agent_acpt_status` int(11) NOT NULL COMMENT '0-None,1-Accept,2-Reject',
  `ord_agent_acpt_read_status` int(11) NOT NULL,
  `ord_agent_accept_on` datetime DEFAULT NULL,
  `ord_agent_rjct_reason` text,
  `ord_agent_rejected_at` datetime DEFAULT NULL,
  `ord_admin_viewed` int(11) NOT NULL,
  `ord_merchant_viewed` int(11) NOT NULL,
  `ord_delboy_act_status` int(11) DEFAULT NULL COMMENT '0-None,1-Accept,2-Reject',
  `ord_delboy_accept_on` datetime DEFAULT NULL,
  `ord_delboy_assigned_on` datetime DEFAULT NULL,
  `ord_delboy_rjct_reason` text,
  `ord_delboy_rjct_time` datetime DEFAULT NULL,
  `ord_otp` int(11) DEFAULT NULL,
  `ord_delivered_at` datetime DEFAULT NULL,
  `ord_failed_reason` text,
  `ord_deliver_latitude` varchar(100) DEFAULT NULL,
  `ord_deliver_longitude` varchar(100) DEFAULT NULL,
  `deliver_assignedby` varchar(255) DEFAULT NULL,
  `ord_placed_on` datetime DEFAULT NULL,
  `ord_accepted_on` datetime DEFAULT NULL,
  `ord_rejected_on` datetime DEFAULT NULL,
  `ord_prepared_on` datetime DEFAULT NULL,
  `ord_dispatched_on` datetime DEFAULT NULL,
  `ord_started_on` datetime DEFAULT NULL,
  `ord_arrived_on` datetime DEFAULT NULL,
  `ord_delivered_on` datetime DEFAULT NULL,
  `ord_failed_on` datetime DEFAULT NULL,
  `ord_estimated_arrival_hrs` varchar(100) DEFAULT '0',
  `ord_estimated_arrival_mins` varchar(100) DEFAULT '0'
) ENGINE=InnoDB DEFAULT CHARSET=latin1;

--
-- Dumping data for table `gr_order`
--

INSERT INTO `gr_order` (`ord_id`, `ord_cus_id`, `ord_shipping_cus_name`, `ord_shipping_address`, `ord_shipping_address1`, `ord_shipping_mobile`, `ord_shipping_mobile1`, `order_ship_mail`, `order_ship_latitude`, `order_ship_longitude`, `ord_merchant_id`, `ord_rest_id`, `ord_pro_id`, `ord_had_choices`, `ord_choices`, `ord_choice_amount`, `ord_spl_req`, `ord_quantity`, `ord_currency`, `ord_unit_price`, `ord_sub_total`, `ord_tax_percent`, `ord_tax_amt`, `ord_has_coupon`, `ord_coupon_amt`, `ord_wallet`, `ord_delfee_type`, `ord_unit_delfee`, `ord_delivery_fee`, `add_delfee_status`, `ord_grant_total`, `ord_refund_status`, `ord_mer_cancel_status`, `ord_type`, `ord_pay_type`, `ord_transaction_id`, `ord_paymaya_pmtId`, `ord_paymaya_receiptnum`, `ord_payment_status`, `ord_paymaya_paid_time`, `ord_paymaya_last4`, `ord_paymaya_carttype`, `ord_paymaya_maskedcart`, `ord_status`, `ord_reject_reason`, `ord_date`, `ord_admin_amt`, `ord_delmgr_id`, `ord_agent_id`, `ord_delivery_memid`, `ord_pre_order_date`, `ord_cancel_status`, `ord_cancel_amt`, `ord_cancel_reason`, `ord_cancel_date`, `ord_cancel_paytype`, `ord_cancel_paidamt`, `ord_cancelpaid_transid`, `cancel_paid_date`, `ord_cancel_paymaya_pmtId`, `ord_cancel_paymaya_receiptnum`, `ord_cancel_paymaya_paid_time`, `ord_cancel_paymaya_last4`, `ord_cancel_paymaya_cardtype`, `ord_cancel_paymaya_maskedcard`, `ord_cancel_payment_status`, `ord_self_pickup`, `ord_task_status`, `ord_taskassigned_date`, `ord_agent_acpt_status`, `ord_agent_acpt_read_status`, `ord_agent_accept_on`, `ord_agent_rjct_reason`, `ord_agent_rejected_at`, `ord_admin_viewed`, `ord_merchant_viewed`, `ord_delboy_act_status`, `ord_delboy_accept_on`, `ord_delboy_assigned_on`, `ord_delboy_rjct_reason`, `ord_delboy_rjct_time`, `ord_otp`, `ord_delivered_at`, `ord_failed_reason`, `ord_deliver_latitude`, `ord_deliver_longitude`, `deliver_assignedby`, `ord_placed_on`, `ord_accepted_on`, `ord_rejected_on`, `ord_prepared_on`, `ord_dispatched_on`, `ord_started_on`, `ord_arrived_on`, `ord_delivered_on`, `ord_failed_on`, `ord_estimated_arrival_hrs`, `ord_estimated_arrival_mins`) VALUES
(1, 5, 'Nagoor Meeran', 'Los Angeles, CA, USA', NULL, '+134253253254235', '+134253253254235', 'nagoor@pofitec.com', '34.0522342', '-118.2436849', 3, 3, 4, 'No', '[]', '0.00', NULL, 1, '$', '150.00', '150.00', NULL, '0.00', 'No', '0.00', '0.00', 'common_fee', NULL, '1.00', 0, '150.00', 'Yes', 'Yes', 'Item', 'COD', 'COD-1993009327', NULL, '', 'Success', '', '', '', '', '4', '', '2019-03-11 13:31:34', '7.50', 1, 0, 1, NULL, 0, '0.00', NULL, NULL, NULL, '0.00', '', NULL, '', '', 0, 0, 0, 0, NULL, 0, '1', '2019-03-14 16:47:21', 1, 1, NULL, NULL, NULL, 1, 1, 2, NULL, '2019-03-14 16:47:21', 'reject order', '2019-03-14 16:49:21', NULL, NULL, NULL, NULL, NULL, NULL, NULL, '2019-03-11 13:33:57', NULL, '2019-03-11 13:34:00', NULL, NULL, NULL, NULL, NULL, '0', '0'),
(2, 5, 'Nagoor Meeran', 'Los Angeles, CA, USA', NULL, '+134253253254235', '+134253253254235', 'nagoor@pofitec.com', '34.0522342', '-118.2436849', 4, 4, 5, 'No', '[]', '0.00', NULL, 1, '$', '25.00', '25.00', NULL, '0.00', 'No', '0.00', '0.00', 'common_fee', NULL, '1.00', 0, '25.00', 'Yes', 'Yes', 'Item', 'COD', 'COD-1993009327', NULL, '', 'Success', '', '', '', '', '5', '', '2019-03-11 13:31:34', '2.50', 1, 0, 1, NULL, 0, '0.00', NULL, NULL, NULL, '0.00', '', NULL, '', '', 0, 0, 0, 0, NULL, 0, '1', '2019-03-21 18:42:53', 1, 1, NULL, NULL, NULL, 1, 1, 1, NULL, '2019-03-21 18:42:53', NULL, NULL, NULL, NULL, NULL, NULL, NULL, NULL, NULL, '2019-03-11 13:33:17', NULL, '2019-03-11 13:33:20', '2019-03-21 19:11:34', NULL, NULL, NULL, NULL, '0', '30'),
(3, 4, 'Suganya t', 'Los Angeles, CA, USA', 'Tamil Nadu', '+189645646', '+189645646', 'suganya.t@pofitec.com', '34.0522342', '-118.2436849', 2, 2, 3, 'No', '[]', '0.00', NULL, 1, '$', '200.00', '200.00', NULL, '10.00', 'No', '0.00', '0.00', 'common_fee', NULL, '1.00', 0, '210.00', 'Yes', 'Yes', 'Item', 'COD', 'COD-522430791', NULL, '', 'Success', '', '', '', '', '1', '', '2019-03-14 12:18:31', '21.00', 0, NULL, NULL, NULL, 0, '0.00', NULL, NULL, NULL, '0.00', '', NULL, '', '', 0, 0, 0, 0, NULL, 0, '0', NULL, 0, 0, NULL, NULL, NULL, 1, 0, NULL, NULL, NULL, NULL, NULL, NULL, NULL, NULL, NULL, NULL, NULL, NULL, NULL, NULL, NULL, NULL, NULL, NULL, NULL, NULL, '0', '0'),
(4, 4, 'Suganya T', 'Los Angeles, CA, USA', NULL, '+189645646', '+189645646', 'suganya.t@pofitec.com', '34.0522342', '-118.2436849', 2, 2, 6, 'Yes', '[]', '0.00', 'add ice cubes', 4, '$', '50.00', '200.00', NULL, '0.00', 'No', '0.00', '0.00', 'common_fee', NULL, '14.57', 0, '200.00', 'Yes', 'Yes', 'Item', 'COD', 'COD-223187846', NULL, '', 'Success', '', '', '', '', '7', '', '2019-03-14 15:23:22', '20.00', 1, 0, 1, NULL, 0, '0.00', NULL, NULL, NULL, '0.00', '', NULL, '', '', 0, 0, 0, 0, NULL, 0, '1', '2019-03-14 15:51:50', 1, 1, NULL, NULL, NULL, 1, 1, 1, NULL, '2019-03-14 15:51:50', NULL, NULL, 399344, NULL, NULL, NULL, NULL, NULL, '2019-03-14 15:23:22', '2019-03-14 15:31:55', NULL, '2019-03-14 15:31:59', '2019-03-14 15:53:09', '2019-03-14 15:56:40', '2019-03-14 16:00:00', NULL, NULL, '0', '30'),
(5, 4, 'Suganya T', 'Los Angeles, CA, USA', NULL, '+189645646', '+189645646', 'suganya.t@pofitec.com', '34.0522342', '-118.2436849', 2, 2, 6, 'Yes', '[]', '0.00', NULL, 4, '$', '50.00', '200.00', NULL, '0.00', 'No', '0.00', '0.00', 'common_fee', NULL, '0.00', 0, '200.00', 'Yes', 'Yes', 'Item', 'COD', 'COD-464280668', NULL, '', 'Success', '', '', '', '', '8', '', '2019-03-14 16:04:31', '20.00', 0, NULL, NULL, NULL, 0, '0.00', NULL, NULL, NULL, '0.00', '', NULL, '', '', 0, 0, 0, 0, NULL, 1, '0', NULL, 0, 0, NULL, NULL, NULL, 1, 1, NULL, NULL, NULL, NULL, NULL, NULL, NULL, NULL, NULL, NULL, NULL, '2019-03-14 16:04:31', '2019-03-14 17:16:31', NULL, NULL, NULL, NULL, NULL, '2019-03-14 17:16:34', NULL, '0', '0'),
(6, 10, 'Refer mail', 'Los Angeles, CA, USA', '15th street', '+1435435435', '+1435435435', 'refermail1@mailinator.com', '34.0522342', '-118.2436849', 2, 2, 3, 'No', '[]', '0.00', NULL, 1, '$', '200.00', '200.00', NULL, '10.00', 'No', '0.00', '0.00', 'common_fee', NULL, '1.00', 0, '210.00', 'Yes', 'Yes', 'Item', 'COD', 'COD-1250067875', NULL, '', 'Success', '', '', '', '', '1', '', '2019-03-14 16:22:49', '21.00', 0, NULL, NULL, NULL, 0, '0.00', NULL, NULL, NULL, '0.00', '', NULL, '', '', 0, 0, 0, 0, NULL, 0, '0', NULL, 0, 0, NULL, NULL, NULL, 0, 0, NULL, NULL, NULL, NULL, NULL, NULL, NULL, NULL, NULL, NULL, NULL, NULL, NULL, NULL, NULL, NULL, NULL, NULL, NULL, NULL, '0', '0'),
(7, 11, 'Refer 2', 'Los Angeles, CA, USA', '15th street', '+143543543', '+143543543', 'refermail2@mailinator.com', '34.0522342', '-118.2436849', 2, 2, 3, 'No', '[]', '0.00', NULL, 1, '$', '200.00', '200.00', NULL, '10.00', 'No', '0.00', '0.00', 'common_fee', NULL, '1.00', 0, '210.00', 'Yes', 'Yes', 'Item', 'COD', 'COD-765749640', NULL, '', 'Success', '', '', '', '', '1', '', '2019-03-14 16:29:31', '21.00', 0, NULL, NULL, NULL, 0, '0.00', NULL, NULL, NULL, '0.00', '', NULL, '', '', 0, 0, 0, 0, NULL, 0, '0', NULL, 0, 0, NULL, NULL, NULL, 1, 0, NULL, NULL, NULL, NULL, NULL, NULL, NULL, NULL, NULL, NULL, NULL, NULL, NULL, NULL, NULL, NULL, NULL, NULL, NULL, NULL, '0', '0'),
(8, 4, 'Suganya T', 'Los Angeles, CA, USA', NULL, '+189645646', '+189645646', 'suganya.t@pofitec.com', '34.0522342', '-118.2436849', 2, 2, 6, 'Yes', '[]', '0.00', NULL, 4, '$', '50.00', '200.00', NULL, '0.00', 'No', '0.00', '0.00', 'common_fee', NULL, '1.00', 0, '200.00', 'Yes', 'Yes', 'Item', 'PAYPAL', 'PAYID-LSFDO7Y2BE413815G5235102', NULL, '', 'Success', '', '', '', '', '5', '', '2019-03-14 16:44:16', '20.00', 1, 0, 1, NULL, 0, '0.00', NULL, NULL, NULL, '0.00', '', NULL, '', '', 0, 0, 0, 0, NULL, 0, '1', '2019-03-14 16:45:11', 1, 1, NULL, NULL, NULL, 1, 1, 1, NULL, '2019-03-14 16:45:11', NULL, NULL, NULL, NULL, NULL, NULL, NULL, NULL, '2019-03-14 16:44:16', '2019-03-14 16:44:49', NULL, '2019-03-14 16:44:52', '2019-03-14 16:46:53', NULL, NULL, NULL, NULL, '0', '30'),
(9, 4, 'Suganya T', 'Los Angeles, CA, USA', NULL, '+189645646', '+189645646', 'suganya.t@pofitec.com', '34.0522342', '-118.2436849', 2, 2, 6, 'Yes', '[]', '0.00', NULL, 4, '$', '50.00', '200.00', NULL, '0.00', 'No', '0.00', '0.00', 'common_fee', NULL, '0.00', 0, '200.00', 'Yes', 'Yes', 'Item', 'COD', 'COD-1029905626', NULL, '', 'Success', '', '', '', '', '2', '', '2019-03-14 17:20:13', '20.00', 0, NULL, NULL, NULL, 0, '0.00', NULL, NULL, NULL, '0.00', '', NULL, '', '', 0, 0, 0, 0, NULL, 1, '0', NULL, 0, 0, NULL, NULL, NULL, 0, 1, NULL, NULL, NULL, NULL, NULL, NULL, NULL, NULL, NULL, NULL, NULL, '2019-03-14 17:20:13', '2019-03-14 17:22:29', NULL, NULL, NULL, NULL, NULL, NULL, NULL, '0', '0'),
(10, 4, 'Suganya T', 'Los Angeles, CA, USA', 'Tamil Nadu', '+189645646', '+189645646', 'suganya.t@pofitec.com', '34.0522342', '-118.2436849', 2, 2, 3, 'No', '[]', '0.00', NULL, 1, '$', '200.00', '200.00', NULL, '10.00', 'No', '0.00', '0.00', 'common_fee', NULL, '1.00', 0, '210.00', 'Yes', 'Yes', 'Item', 'COD', 'COD-1935208290', NULL, '', 'Success', '', '', '', '', '1', '', '2019-03-16 23:28:15', '21.00', 0, NULL, NULL, NULL, 0, '0.00', NULL, NULL, NULL, '0.00', '', NULL, '', '', 0, 0, 0, 0, NULL, 0, '0', NULL, 0, 0, NULL, NULL, NULL, 0, 0, NULL, NULL, NULL, NULL, NULL, NULL, NULL, NULL, NULL, NULL, NULL, NULL, NULL, NULL, NULL, NULL, NULL, NULL, NULL, NULL, '0', '0'),
(11, 4, 'Suganya T', 'Los Angeles, CA, USA', 'Tamil Nadu', '+189645646', '+189645646', 'suganya.t@pofitec.com', '34.0522342', '-118.2436849', 4, 4, 5, 'No', '[]', '0.00', NULL, 10, '$', '25.00', '250.00', NULL, '0.00', 'No', '0.00', '0.00', 'common_fee', NULL, '1.00', 0, '250.00', 'Yes', 'Yes', 'Item', 'COD', 'COD-1935208290', NULL, '', 'Success', '', '', '', '', '1', '', '2019-03-16 23:28:15', '25.00', 0, NULL, NULL, NULL, 0, '0.00', NULL, NULL, NULL, '0.00', '', NULL, '', '', 0, 0, 0, 0, NULL, 0, '0', NULL, 0, 0, NULL, NULL, NULL, 0, 1, NULL, NULL, NULL, NULL, NULL, NULL, NULL, NULL, NULL, NULL, NULL, NULL, NULL, NULL, NULL, NULL, NULL, NULL, NULL, NULL, '0', '0'),
(12, 4, 'Suganya T', 'Los Angeles, CA, USA', 'Tamil Nadu', '+189645646', '+189645646', 'suganya.t@pofitec.com', '34.0522342', '-118.2436849', 4, 4, 43, 'No', '[]', '0.00', NULL, 1, '$', '250.00', '250.00', NULL, '0.00', 'No', '0.00', '0.00', 'common_fee', NULL, '1.00', 0, '250.00', 'Yes', 'Yes', 'Item', 'COD', 'COD-1935208290', NULL, '', 'Success', '', '', '', '', '1', '', '2019-03-16 23:28:15', '25.00', 0, NULL, NULL, NULL, 0, '0.00', NULL, NULL, NULL, '0.00', '', NULL, '', '', 0, 0, 0, 0, NULL, 0, '0', NULL, 0, 0, NULL, NULL, NULL, 0, 1, NULL, NULL, NULL, NULL, NULL, NULL, NULL, NULL, NULL, NULL, NULL, NULL, NULL, NULL, NULL, NULL, NULL, NULL, NULL, NULL, '0', '0'),
(13, 4, 'Suganya T', 'Los Angeles, CA, USA', 'Tamil Nadu', '+189645646', '+189645646', 'suganya.t@pofitec.com', '34.0522342', '-118.2436849', 3, 3, 33, 'No', '[]', '0.00', NULL, 1, '$', '750.00', '750.00', NULL, '0.00', 'No', '0.00', '0.00', 'common_fee', NULL, '1.00', 0, '750.00', 'Yes', 'Yes', 'Item', 'COD', 'COD-332204480', NULL, '', 'Success', '', '', '', '', '5', '', '2019-03-16 23:35:39', '37.50', 1, 0, 1, NULL, 0, '0.00', NULL, NULL, NULL, '0.00', '', NULL, '', '', 0, 0, 0, 0, NULL, 0, '1', '2019-03-21 18:40:57', 1, 1, NULL, NULL, NULL, 0, 1, 1, NULL, '2019-03-21 18:40:57', NULL, NULL, NULL, NULL, NULL, NULL, NULL, NULL, NULL, '2019-03-16 23:36:21', NULL, '2019-03-16 23:36:31', '2019-03-21 19:11:29', NULL, NULL, NULL, NULL, '0', '30'),
(14, 2, 'Mani Kandan', '106 W 1st St, Los Angeles, CA 90012, USA', NULL, '+1965836251694', '+136559464344', 'mani.visolve@gmail.com', '34.0522342', '-118.24368489999999', 4, 4, 36, 'No', '[]', '0.00', NULL, 1, '$', '75.00', '75.00', NULL, '0.00', 'No', '0.00', '0.00', 'common_fee', NULL, '1.00', 0, '75.00', 'Yes', 'Yes', 'Item', 'COD', 'COD-1757017690', NULL, '', 'Success', '', '', '', '', '1', '', '2019-03-18 12:03:53', '7.50', 0, NULL, NULL, NULL, 0, '0.00', NULL, NULL, NULL, '0.00', '', NULL, '', '', 0, 0, 0, 0, NULL, 0, '0', NULL, 0, 0, NULL, NULL, NULL, 0, 1, NULL, NULL, NULL, NULL, NULL, NULL, NULL, NULL, NULL, NULL, NULL, '2019-03-18 12:03:53', NULL, NULL, NULL, NULL, NULL, NULL, NULL, NULL, '0', '0'),
(15, 2, 'Mani Kandan', '106 W 1st St, Los Angeles, CA 90012, USA', NULL, '+1965836251694', '+136559464344', 'mani.visolve@gmail.com', '34.0522342', '-118.24368489999999', 2, 2, 7, 'No', '[]', '0.00', NULL, 1, '$', '40.00', '40.00', NULL, '0.00', 'No', '0.00', '0.00', 'common_fee', NULL, '1.00', 0, '40.00', 'Yes', 'Yes', 'Item', 'PAYPAL', 'PAYID-LSHTYFY1KL64521BD893351X', NULL, '', 'Success', '', '', '', '', '1', '', '2019-03-18 12:05:14', '4.00', 0, NULL, NULL, NULL, 0, '0.00', NULL, NULL, NULL, '0.00', '', NULL, '', '', 0, 0, 0, 0, NULL, 0, '0', NULL, 0, 0, NULL, NULL, NULL, 0, 0, NULL, NULL, NULL, NULL, NULL, NULL, NULL, NULL, NULL, NULL, NULL, '2019-03-18 12:05:14', NULL, NULL, NULL, NULL, NULL, NULL, NULL, NULL, '0', '0'),
(16, 4, 'Suganya T', 'Los Angeles, CA, USA', NULL, '+189645646', '+189645646', 'suganya.t@pofitec.com', '34.0522342', '-118.2436849', 7, 7, 57, 'No', '[]', '0.00', NULL, 1, '$', '250.00', '250.00', NULL, '0.00', 'No', '0.00', '0.00', 'common_fee', NULL, '1.00', 0, '250.00', 'Yes', 'No', 'Item', 'PAYPAL', 'PAYID-LSHYWIA4P465325GE360763E', NULL, '', 'Success', '', '', '', '', '7', '', '2019-03-18 17:42:27', '12.50', 1, 0, 1, NULL, 0, '0.00', NULL, NULL, NULL, '0.00', '', NULL, '', '', 0, 0, 0, 0, NULL, 0, '1', '2019-03-18 18:37:10', 1, 1, NULL, NULL, NULL, 0, 1, 1, NULL, '2019-03-18 18:37:10', NULL, NULL, 812191, NULL, NULL, NULL, NULL, NULL, '2019-03-18 17:42:27', '2019-03-18 17:48:55', NULL, '2019-03-18 17:49:10', '2019-03-18 18:37:38', '2019-03-19 10:41:35', '2019-03-19 10:41:41', NULL, NULL, '0', '30'),
(17, 4, 'Suganya T', 'Los Angeles, CA, USA', NULL, '+189645646', '+189645646', 'suganya.t@pofitec.com', '34.0522342', '-118.2436849', 7, 7, 57, 'No', '[]', '0.00', NULL, 4, '$', '250.00', '1000.00', NULL, '0.00', 'No', '0.00', '0.00', 'common_fee', NULL, '1.00', 0, '1000.00', 'Yes', 'No', 'Item', 'COD', 'COD-1856749977', NULL, '', 'Success', '', '', '', '', '1', '', '2019-03-18 17:49:17', '50.00', 0, NULL, NULL, NULL, 0, '0.00', NULL, NULL, NULL, '0.00', '', NULL, '', '', 0, 0, 0, 0, NULL, 0, '0', NULL, 0, 0, NULL, NULL, NULL, 0, 0, NULL, NULL, NULL, NULL, NULL, NULL, NULL, NULL, NULL, NULL, NULL, '2019-03-18 17:49:17', NULL, NULL, NULL, NULL, NULL, NULL, NULL, NULL, '0', '0'),
(18, 4, 'Suganya T', 'Los Angeles, CA, USA', NULL, '+189645646', '+189645646', 'suganya.t@pofitec.com', '34.0522342', '-118.2436849', 2, 2, 6, 'No', '[]', '0.00', NULL, 1, '$', '50.00', '50.00', NULL, '0.00', 'No', '0.00', '0.00', 'common_fee', NULL, '1.00', 0, '50.00', 'Yes', 'Yes', 'Item', 'COD', 'COD-1484157361', NULL, '', 'Success', '', '', '', '', '1', '', '2019-03-18 17:59:54', '5.00', 0, NULL, NULL, NULL, 0, '0.00', NULL, NULL, NULL, '0.00', '', NULL, '', '', 0, 0, 0, 0, NULL, 0, '0', NULL, 0, 0, NULL, NULL, NULL, 0, 0, NULL, NULL, NULL, NULL, NULL, NULL, NULL, NULL, NULL, NULL, NULL, '2019-03-18 17:59:54', NULL, NULL, NULL, NULL, NULL, NULL, NULL, NULL, '0', '0'),
(19, 4, 'Suganya T', 'Los Angeles, CA, USA', NULL, '+189645646', '+189645646', 'suganya.t@pofitec.com', '34.0522342', '-118.2436849', 3, 3, 31, 'No', '[]', '0.00', NULL, 1, '$', '300.00', '300.00', NULL, '0.00', 'No', '0.00', '0.00', 'common_fee', NULL, '1.00', 0, '300.00', 'Yes', 'Yes', 'Item', 'COD', 'COD-1507006327', NULL, '', 'Success', '', '', '', '', '4', '', '2019-03-18 18:04:01', '15.00', 1, 0, 1, NULL, 0, '0.00', NULL, NULL, NULL, '0.00', '', NULL, '', '', 0, 0, 0, 0, NULL, 0, '1', '2019-03-24 19:39:13', 1, 1, NULL, NULL, NULL, 0, 1, 0, NULL, '2019-03-24 19:39:13', NULL, NULL, NULL, NULL, NULL, NULL, NULL, NULL, '2019-03-18 18:04:01', '2019-03-24 19:38:46', NULL, '2019-03-24 19:38:50', NULL, NULL, NULL, NULL, NULL, '0', '0'),
(20, 4, 'Suganya T', 'Los Angeles, CA, USA', NULL, '+189645646', '+189645646', 'suganya.t@pofitec.com', '34.0522342', '-118.2436849', 3, 3, 4, 'No', '[]', '0.00', NULL, 1, '$', '150.00', '150.00', NULL, '0.00', 'No', '0.00', '0.00', 'common_fee', NULL, '1.00', 0, '150.00', 'Yes', 'Yes', 'Item', 'COD', 'COD-1671224757', NULL, '', 'Success', '', '', '', '', '7', '', '2019-03-18 18:05:41', '7.50', 1, 0, 1, NULL, 0, '0.00', NULL, NULL, NULL, '0.00', '', NULL, '', '', 0, 0, 0, 0, NULL, 0, '1', '2019-03-18 18:36:47', 1, 1, NULL, NULL, NULL, 0, 1, 1, NULL, '2019-03-18 18:36:47', NULL, NULL, NULL, NULL, NULL, NULL, NULL, NULL, '2019-03-18 18:05:41', '2019-03-18 18:07:31', NULL, '2019-03-18 18:07:35', '2019-03-18 18:37:32', '2019-03-18 18:40:37', '2019-03-18 19:03:43', NULL, NULL, '0', '30'),
(21, 4, 'Suganya T ', 'Los Angeles, CA, USA', NULL, '+1', '+1', 'suganya.t@pofitec.com', '-118.2436849', '-118.2436849', 1, 1, 1, 'No', '[]', '0.00', NULL, 1, '$', '30.00', '30.00', NULL, '0.00', 'No', '0.00', '0.00', 'common_fee', NULL, '0.00', 0, '30.00', 'Yes', 'Yes', 'Item', 'PAYPAL', 'paypal2144088960', NULL, '', 'Success', '', '', '', '', '1', '', '2019-03-19 19:16:58', '3.00', 0, NULL, NULL, NULL, 0, '0.00', NULL, NULL, NULL, '0.00', '', NULL, '', '', 0, 0, 0, 0, NULL, 1, '0', NULL, 0, 0, NULL, NULL, NULL, 1, 0, NULL, NULL, NULL, NULL, NULL, NULL, NULL, NULL, NULL, NULL, NULL, NULL, NULL, NULL, NULL, NULL, NULL, NULL, NULL, NULL, '0', '0'),
(22, 4, 'Suganya T', 'Los Angeles, CA, USA', NULL, '+189645646', '+189645646', 'suganya.t@pofitec.com', '34.0522342', '-118.2436849', 6, 6, 55, 'No', '[]', '0.00', NULL, 1, '$', '65.00', '65.00', NULL, '0.00', 'No', '0.00', '0.00', 'common_fee', NULL, '1.00', 0, '65.00', 'Yes', 'No', 'Item', 'COD', 'COD-1028503835', NULL, '', 'Success', '', '', '', '', '1', '', '2019-03-22 03:53:39', '3.25', 0, NULL, NULL, NULL, 0, '0.00', NULL, NULL, NULL, '0.00', '', NULL, '', '', 0, 0, 0, 0, NULL, 0, '0', NULL, 0, 0, NULL, NULL, NULL, 0, 0, NULL, NULL, NULL, NULL, NULL, NULL, NULL, NULL, NULL, NULL, NULL, '2019-03-22 03:53:39', NULL, NULL, NULL, NULL, NULL, NULL, NULL, NULL, '0', '0'),
(23, 4, 'Suganya T', 'Los Angeles, CA, USA', 'Tamil Nadu', '+189645646', '+189645646', 'suganya.t@pofitec.com', '34.0522342', '-118.2436849', 6, 6, 55, 'No', '[]', '0.00', NULL, 1, '$', '65.00', '65.00', NULL, '0.00', 'No', '0.00', '0.00', 'common_fee', NULL, '1.00', 0, '65.00', 'Yes', 'No', 'Item', 'COD', 'COD-373956505', NULL, '', 'Success', '', '', '', '', '1', '', '2019-03-22 20:07:23', '3.25', 0, NULL, NULL, NULL, 0, '0.00', NULL, NULL, NULL, '0.00', '', NULL, '', '', 0, 0, 0, 0, NULL, 0, '0', NULL, 0, 0, NULL, NULL, NULL, 0, 0, NULL, NULL, NULL, NULL, NULL, NULL, NULL, NULL, NULL, NULL, NULL, NULL, NULL, NULL, NULL, NULL, NULL, NULL, NULL, NULL, '0', '0'),
(24, 4, 'Suganya T', 'Los Angeles, CA, USA', 'Tamil Nadu', '+189645646', '+189645646', 'suganya.t@pofitec.com', '34.0522342', '-118.2436849', 4, 4, 5, 'No', '[]', '0.00', NULL, 1, '$', '25.00', '25.00', NULL, '0.00', 'No', '0.00', '0.00', 'common_fee', NULL, '1.00', 0, '25.00', 'Yes', 'Yes', 'Item', 'COD', 'COD-814428214', NULL, '', 'Success', '', '', '', '', '1', '', '2019-03-24 19:37:30', '2.50', 0, NULL, NULL, NULL, 0, '0.00', NULL, NULL, NULL, '0.00', '', NULL, '', '', 0, 0, 0, 0, NULL, 0, '0', NULL, 0, 0, NULL, NULL, NULL, 0, 0, NULL, NULL, NULL, NULL, NULL, NULL, NULL, NULL, NULL, NULL, NULL, NULL, NULL, NULL, NULL, NULL, NULL, NULL, NULL, NULL, '0', '0'),
(25, 4, 'Suganya T', 'Los Angeles, CA, USA', 'Tamil Nadu', '+189645646', '+189645646', 'suganya.t@pofitec.com', '34.0522342', '-118.2436849', 7, 7, 56, 'No', '[]', '0.00', NULL, 1, '$', '250.00', '250.00', NULL, '0.00', 'No', '0.00', '0.00', 'common_fee', NULL, '1.00', 0, '250.00', 'Yes', 'No', 'Item', 'COD', 'COD-1745466226', NULL, '', 'Success', '', '', '', '', '1', '', '2019-03-24 20:48:05', '12.50', 0, NULL, NULL, NULL, 0, '0.00', NULL, NULL, NULL, '0.00', '', NULL, '', '', 0, 0, 0, 0, NULL, 0, '0', NULL, 0, 0, NULL, NULL, NULL, 0, 0, NULL, NULL, NULL, NULL, NULL, NULL, NULL, NULL, NULL, NULL, NULL, NULL, NULL, NULL, NULL, NULL, NULL, NULL, NULL, NULL, '0', '0'),
(26, 4, 'Suganya T', 'Los Angeles, CA, USA', 'Tamil Nadu', '+189645646', '+189645646', 'suganya.t@pofitec.com', '34.0522342', '-118.2436849', 7, 7, 58, 'No', '[]', '0.00', NULL, 2, '$', '300.00', '600.00', NULL, '0.00', 'No', '0.00', '0.00', 'common_fee', NULL, '1.00', 0, '600.00', 'Yes', 'No', 'Item', 'COD', 'COD-1745466226', NULL, '', 'Success', '', '', '', '', '1', '', '2019-03-24 20:48:05', '30.00', 0, NULL, NULL, NULL, 0, '0.00', NULL, NULL, NULL, '0.00', '', NULL, '', '', 0, 0, 0, 0, NULL, 0, '0', NULL, 0, 0, NULL, NULL, NULL, 0, 0, NULL, NULL, NULL, NULL, NULL, NULL, NULL, NULL, NULL, NULL, NULL, NULL, NULL, NULL, NULL, NULL, NULL, NULL, NULL, NULL, '0', '0'),
(27, 4, 'Suganya T', 'Los Angeles, CA, USA', 'Tamil Nadu', '+189645646', '+189645646', 'suganya.t@pofitec.com', '34.0522342', '-118.2436849', 4, 4, 9, 'No', '[]', '0.00', NULL, 1, '$', '200.00', '200.00', NULL, '0.00', 'No', '0.00', '0.00', 'common_fee', NULL, '1.00', 0, '200.00', 'Yes', 'Yes', 'Item', 'COD', 'COD-1420828266', NULL, '', 'Success', '', '', '', '', '1', '', '2019-03-26 17:27:33', '20.00', 0, NULL, NULL, NULL, 0, '0.00', NULL, NULL, NULL, '0.00', '', NULL, '', '', 0, 0, 0, 0, NULL, 0, '0', NULL, 0, 0, NULL, NULL, NULL, 0, 0, NULL, NULL, NULL, NULL, NULL, NULL, NULL, NULL, NULL, NULL, NULL, NULL, NULL, NULL, NULL, NULL, NULL, NULL, NULL, NULL, '0', '0'),
(28, 4, 'Suganya T', 'Los Angeles, CA, USA', 'Tamil Nadu', '+189645646', '+189645646', 'suganya.t@pofitec.com', '34.0522342', '-118.2436849', 3, 3, 63, 'Yes', '[{\"choice_id\":\"7\",\"choice_price\":3},{\"choice_id\":\"6\",\"choice_price\":3},{\"choice_id\":\"2\",\"choice_price\":3}]', '9.00', NULL, 1, '$', '25.00', '34.00', NULL, '0.00', 'No', '0.00', '0.00', 'common_fee', NULL, '1.00', 0, '34.00', 'Yes', 'Yes', 'Item', 'COD', 'COD-2126954332', NULL, '', 'Success', '', '', '', '', '4', '', '2019-03-26 17:38:07', '1.70', 1, 0, 1, NULL, 0, '0.00', NULL, NULL, NULL, '0.00', '', NULL, '', '', 0, 0, 0, 0, NULL, 0, '1', '2019-03-26 17:39:27', 1, 1, NULL, NULL, NULL, 1, 1, 0, NULL, '2019-03-26 17:39:27', NULL, NULL, NULL, NULL, NULL, NULL, NULL, NULL, NULL, '2019-03-26 17:38:48', NULL, '2019-03-26 17:39:04', NULL, NULL, NULL, NULL, NULL, '0', '0'),
(29, 4, 'Suganya T', 'Los Angeles, CA, USA', 'Tamil Nadu', '+189645646', '+189645646', 'suganya.t@pofitec.com', '34.0522342', '-118.2436849', 4, 4, 9, 'No', '[]', '0.00', NULL, 1, '$', '200.00', '200.00', NULL, '0.00', 'No', '0.00', '0.00', 'common_fee', NULL, '1.00', 0, '200.00', 'Yes', 'Yes', 'Item', 'COD', 'COD-149216491', NULL, '', 'Success', '', '', '', '', '1', '', '2019-03-28 14:40:40', '20.00', 0, NULL, NULL, NULL, 0, '0.00', NULL, NULL, NULL, '0.00', '', NULL, '', '', 0, 0, 0, 0, NULL, 0, '0', NULL, 0, 0, NULL, NULL, NULL, 0, 0, NULL, NULL, NULL, NULL, NULL, NULL, NULL, NULL, NULL, NULL, NULL, NULL, NULL, NULL, NULL, NULL, NULL, NULL, NULL, NULL, '0', '0'),
(30, 4, 'Suganya T', 'Los Angeles, CA, USA', 'Tamil Nadu', '+189645646', '+189645646', 'suganya.t@pofitec.com', '-118.2436849', '-118.2436849', 4, 4, 9, 'No', '[]', '0.00', NULL, 1, '$', '200.00', '200.00', NULL, '0.00', 'No', '0.00', '0.00', 'common_fee', NULL, '1.00', 0, '200.00', 'Yes', 'Yes', 'Item', 'PAYPAL', 'paypal1221763877', NULL, '', 'Success', '', '', '', '', '1', '', '2019-03-28 14:42:11', '20.00', 0, NULL, NULL, NULL, 0, '0.00', NULL, NULL, NULL, '0.00', '', NULL, '', '', 0, 0, 0, 0, NULL, 0, '0', NULL, 0, 0, NULL, NULL, NULL, 0, 0, NULL, NULL, NULL, NULL, NULL, NULL, NULL, NULL, NULL, NULL, NULL, NULL, NULL, NULL, NULL, NULL, NULL, NULL, NULL, NULL, '0', '0'),
(31, 4, 'Suganya T', 'Los Angeles, CA, USA', 'Tamil Nadu', '+189645646', '+189645646', 'suganya.t@pofitec.com', '34.0522342', '-118.2436849', 4, 4, 5, 'No', '[]', '0.00', NULL, 1, '$', '25.00', '25.00', NULL, '0.00', 'No', '0.00', '0.00', 'common_fee', NULL, '1.00', 0, '25.00', 'Yes', 'Yes', 'Item', 'COD', 'COD-1341717277', NULL, '', 'Success', '', '', '', '', '1', '', '2019-04-02 13:36:45', '2.50', 0, NULL, NULL, NULL, 0, '0.00', NULL, NULL, NULL, '0.00', '', NULL, '', '', 0, 0, 0, 0, NULL, 0, '0', NULL, 0, 0, NULL, NULL, NULL, 0, 0, NULL, NULL, NULL, NULL, NULL, NULL, NULL, NULL, NULL, NULL, NULL, NULL, NULL, NULL, NULL, NULL, NULL, NULL, NULL, NULL, '0', '0'),
(32, 4, 'Suganya T ', 'Los Angeles, CA, USA', NULL, '+1', '+1', 'suganya.t@pofitec.com', '-118.2436849', '-118.2436849', 4, 4, 5, 'No', '[]', '0.00', NULL, 1, '$', '25.00', '25.00', NULL, '0.00', 'No', '0.00', '0.00', 'common_fee', NULL, '0.00', 0, '25.00', 'Yes', 'Yes', 'Item', 'PAYPAL', 'paypal381955346', NULL, '', 'Success', '', '', '', '', '1', '', '2019-04-04 15:36:11', '2.50', 0, NULL, NULL, NULL, 0, '0.00', NULL, NULL, NULL, '0.00', '', NULL, '', '', 0, 0, 0, 0, NULL, 1, '0', NULL, 0, 0, NULL, NULL, NULL, 0, 0, NULL, NULL, NULL, NULL, NULL, NULL, NULL, NULL, NULL, NULL, NULL, NULL, NULL, NULL, NULL, NULL, NULL, NULL, NULL, NULL, '0', '0');

-- --------------------------------------------------------

--
-- Table structure for table `gr_order_reject_history`
--

CREATE TABLE `gr_order_reject_history` (
  `id` int(11) NOT NULL,
  `store_id` int(11) NOT NULL,
  `order_id` varchar(255) NOT NULL,
  `agent_id` int(11) NOT NULL,
  `delboy_id` int(11) NOT NULL,
  `reason` text,
  `rejected_at` datetime NOT NULL,
  `read_status` int(11) NOT NULL
) ENGINE=InnoDB DEFAULT CHARSET=latin1;

--
-- Dumping data for table `gr_order_reject_history`
--

INSERT INTO `gr_order_reject_history` (`id`, `store_id`, `order_id`, `agent_id`, `delboy_id`, `reason`, `rejected_at`, `read_status`) VALUES
(1, 3, 'COD-1993009327', 0, 1, 'reject order', '2019-03-14 16:49:21', 1);

-- --------------------------------------------------------

--
-- Table structure for table `gr_payment_setting`
--

CREATE TABLE `gr_payment_setting` (
  `ps_id` int(10) NOT NULL,
  `paynamics_client_id` varchar(255) DEFAULT NULL,
  `paynamics_secret_id` varchar(255) DEFAULT NULL,
  `paynamics_status` int(10) DEFAULT NULL COMMENT '0-block,1-un-block,2-Delete',
  `paynamics_mode` int(11) DEFAULT NULL COMMENT '0=>Sandbox, 1=>Live',
  `paymaya_client_id` varchar(255) DEFAULT NULL,
  `paymaya_secret_id` varchar(255) DEFAULT NULL,
  `paymaya_status` int(11) DEFAULT NULL COMMENT '0=>block,1=>unblock',
  `paymaya_mode` int(11) DEFAULT NULL COMMENT '0=>Sandbox, 1=>Live',
  `cod_status` int(11) DEFAULT NULL COMMENT '0-disable,1-enable',
  `netbank_status` enum('Publish','Unpublish') DEFAULT NULL,
  `bank_accno` varchar(255) DEFAULT NULL,
  `bank_name` varchar(255) DEFAULT NULL,
  `branch` varchar(255) DEFAULT NULL,
  `ifsc` varchar(255) DEFAULT NULL
) ENGINE=InnoDB DEFAULT CHARSET=latin1;

--
-- Dumping data for table `gr_payment_setting`
--

INSERT INTO `gr_payment_setting` (`ps_id`, `paynamics_client_id`, `paynamics_secret_id`, `paynamics_status`, `paynamics_mode`, `paymaya_client_id`, `paymaya_secret_id`, `paymaya_status`, `paymaya_mode`, `cod_status`, `netbank_status`, `bank_accno`, `bank_name`, `branch`, `ifsc`) VALUES
(0, 'pk_test_NeODEgdtsqSMsBpnR9aF5vcv', 'sk_test_QnXntlX92CW3Xb6NfUPRMkbj', 0, 0, 'pk-6y2WX6WhWxfQOg8ezKIUuiJxa7gC4sDvOipn9NFXlwz', 'sk-BoTm71oqA1jdCd6bwLwxK3QsVPo9ZOcr1dpYfyAPUUd', 1, 0, 0, 'Publish', '951951951951951', 'Axis Bank', 'Lakshmi Mill', 'IFSC001');

-- --------------------------------------------------------

--
-- Table structure for table `gr_product`
--

CREATE TABLE `gr_product` (
  `pro_id` int(10) NOT NULL,
  `pro_store_id` int(10) DEFAULT NULL,
  `pro_item_code` varchar(255) DEFAULT NULL,
  `pro_item_name` varchar(100) DEFAULT NULL,
  `pro_tax_name_ar` varchar(255) CHARACTER SET utf8 DEFAULT NULL,
  `pro_item_name_ar` varchar(255) CHARACTER SET utf8 DEFAULT NULL,
  `pro_item_slug` varchar(255) NOT NULL,
  `pro_category_id` int(10) DEFAULT NULL,
  `pro_sub_cat_id` int(10) DEFAULT NULL,
  `pro_original_price` decimal(10,2) DEFAULT NULL,
  `pro_per_product` varchar(100) DEFAULT NULL COMMENT 'sub_title',
  `pro_per_product_ar` varchar(100) CHARACTER SET utf8 DEFAULT NULL,
  `pro_has_discount` enum('yes','no') DEFAULT NULL,
  `pro_discount_price` decimal(10,2) DEFAULT NULL,
  `pro_had_tax` enum('Yes','No') DEFAULT NULL,
  `pro_tax_name` varchar(255) DEFAULT NULL,
  `pro_tax_percent` int(2) DEFAULT NULL,
  `pro_desc` text,
  `pro_desc_ar` text CHARACTER SET utf8,
  `pro_currency` varchar(10) CHARACTER SET utf8 DEFAULT NULL,
  `pro_type` enum('1','2') DEFAULT NULL COMMENT '1-product,2-item',
  `pro_delivery_fee` decimal(10,2) DEFAULT NULL,
  `pro_shopper_fee` decimal(10,2) DEFAULT NULL,
  `pro_hit_count` int(10) DEFAULT NULL,
  `pro_quantity` int(10) DEFAULT NULL,
  `pro_had_choice` enum('1','2') DEFAULT NULL COMMENT '1-yes,2-No',
  `pro_had_spec` enum('1','2') DEFAULT NULL COMMENT '1-Yes,2-No',
  `pro_no_of_purchase` int(10) NOT NULL DEFAULT '0',
  `pro_cancel_option` enum('Yes','No') DEFAULT NULL,
  `pro_cancel_duration` int(10) DEFAULT NULL,
  `pro_rating` varchar(10) DEFAULT NULL,
  `pro_meta_keyword` text,
  `pro_meta_keyword_ar` text CHARACTER SET utf8,
  `pro_meta_desc` text,
  `pro_meta_desc_ar` text,
  `pro_catelogue` int(10) DEFAULT NULL,
  `pro_status` enum('0','1','2') NOT NULL DEFAULT '1' COMMENT '0-block,1-active,2-delete',
  `pro_update_inventory` enum('Yes','No') DEFAULT NULL,
  `pro_show_inventory` enum('Yes','No') DEFAULT NULL,
  `pro_created_date` datetime DEFAULT NULL,
  `pro_updated_date` datetime DEFAULT NULL,
  `peo_accept_addon` int(11) DEFAULT NULL,
  `pro_images` text,
  `added_by` int(11) DEFAULT '0' COMMENT '0-Admin',
  `pro_veg` int(11) NOT NULL DEFAULT '1',
  `pro_read_status` int(11) NOT NULL DEFAULT '0'
) ENGINE=InnoDB DEFAULT CHARSET=latin1;

--
-- Dumping data for table `gr_product`
--

INSERT INTO `gr_product` (`pro_id`, `pro_store_id`, `pro_item_code`, `pro_item_name`, `pro_tax_name_ar`, `pro_item_name_ar`, `pro_item_slug`, `pro_category_id`, `pro_sub_cat_id`, `pro_original_price`, `pro_per_product`, `pro_per_product_ar`, `pro_has_discount`, `pro_discount_price`, `pro_had_tax`, `pro_tax_name`, `pro_tax_percent`, `pro_desc`, `pro_desc_ar`, `pro_currency`, `pro_type`, `pro_delivery_fee`, `pro_shopper_fee`, `pro_hit_count`, `pro_quantity`, `pro_had_choice`, `pro_had_spec`, `pro_no_of_purchase`, `pro_cancel_option`, `pro_cancel_duration`, `pro_rating`, `pro_meta_keyword`, `pro_meta_keyword_ar`, `pro_meta_desc`, `pro_meta_desc_ar`, `pro_catelogue`, `pro_status`, `pro_update_inventory`, `pro_show_inventory`, `pro_created_date`, `pro_updated_date`, `peo_accept_addon`, `pro_images`, `added_by`, `pro_veg`, `pro_read_status`) VALUES
(1, 1, '234', 'Thai Sea Foods', NULL, 'Thai Sea Foods', 'thai-sea-foods-250-gm', 1, 29, '40.00', '250 gm', '250 gm', 'yes', '30.00', 'No', '', 0, '<p>Fish Fry<br></p>', '<p>Fish Fry<br></p>', '$', '2', NULL, NULL, NULL, 10000, '1', '2', 1, NULL, NULL, NULL, 'Sea foods', 'Sea foods', NULL, NULL, NULL, '1', NULL, NULL, '2019-03-09 18:29:59', '2019-03-09 18:29:59', NULL, 'item1133867095.jpg', 0, 2, 1),
(2, 1, '456', 'Veggie pizza', NULL, 'veggie pizza', 'veggie-pizza-12', 8, 22, '200.00', '12', 'veggie pizza', 'no', NULL, 'No', '', 0, '<p><span style=\"color: rgb(0, 0, 0); font-family: &quot;Source Sans Pro&quot;, sans-serif; font-size: 15px; font-style: normal; font-variant-ligatures: normal; font-variant-caps: normal; font-weight: 400; letter-spacing: normal; orphans: 2; text-align: start; text-indent: 0px; text-transform: none; white-space: normal; widows: 2; word-spacing: 0px; -webkit-text-stroke-width: 0px; background-color: rgb(255, 255, 255); text-decoration-style: initial; text-decoration-color: initial; display: inline !important; float: none;\">veggie pizza</span></p>', '<p><span style=\"color: rgb(0, 0, 0); font-family: &quot;Source Sans Pro&quot;, sans-serif; font-size: 15px; font-style: normal; font-variant-ligatures: normal; font-variant-caps: normal; font-weight: 400; letter-spacing: normal; orphans: 2; text-align: start; text-indent: 0px; text-transform: none; white-space: normal; widows: 2; word-spacing: 0px; -webkit-text-stroke-width: 0px; background-color: rgb(255, 255, 255); text-decoration-style: initial; text-decoration-color: initial; display: inline !important; float: none;\">veggie pizzav</span></p>', '$', '2', NULL, NULL, NULL, 10000, '2', '2', 0, NULL, NULL, NULL, NULL, NULL, NULL, NULL, NULL, '1', NULL, NULL, '2019-03-09 18:34:37', '2019-03-09 18:34:37', NULL, 'item799525043.jpg', 0, 1, 1),
(3, 2, '45678', 'Veggie pizza', 'concierges fee', 'Veggie pizza', 'veggie-pizza-12', 8, 22, '200.00', '12', '12', 'no', NULL, 'Yes', 'concierges fee', 5, '<p>Pizza<br></p>', '<p>Pizza<br></p>', '$', '2', NULL, NULL, NULL, 10000, '2', '2', 4, NULL, NULL, NULL, NULL, NULL, NULL, NULL, NULL, '1', NULL, NULL, '2019-03-09 18:41:32', '2019-03-09 18:41:32', NULL, 'item1544546873.jpg', 0, 2, 1),
(4, 3, '56456', 'Nonveg sandwiches', NULL, 'Nonveg sandwiches', 'nonveg-sandwiches-500gm', 7, 20, '150.00', '500gm', '500gm', 'no', NULL, 'No', '', 0, '<p>Nonveg sandwiches<br></p>', '<p>Nonveg sandwiches<br></p>', '$', '2', NULL, NULL, NULL, 4, '2', '2', 2, NULL, NULL, NULL, NULL, NULL, NULL, NULL, NULL, '1', NULL, NULL, '2019-03-09 18:45:15', '2019-03-09 18:45:15', NULL, 'item1232478103.jpeg', 0, 2, 1),
(5, 4, '5214', 'Mangaojuice', NULL, 'Mangaojuice', 'mangaojuice-500ml', 9, 26, '30.00', '500ML', '500ML', 'yes', '25.00', 'No', '', 0, '<p>Mango juice&nbsp;&nbsp;&nbsp;&nbsp;<br></p>', 'Mango juice<br>', '$', '2', NULL, NULL, NULL, 10000, '2', '2', 14, NULL, NULL, NULL, NULL, NULL, NULL, NULL, NULL, '1', NULL, NULL, '2019-03-09 18:48:14', '2019-03-09 18:48:14', NULL, 'item411960887.jpg', 0, 1, 1),
(6, 2, '52468', 'Vennila', NULL, 'Venilla', 'vennila-200ml', 9, 25, '50.00', '200ml', '200ml', 'no', NULL, 'No', '', 0, '<p>Venilla&nbsp;&nbsp;&nbsp;&nbsp;<br></p>', '<p>Venilla <br></p>', '$', '2', NULL, NULL, NULL, 10000, '2', '2', 17, NULL, NULL, NULL, NULL, NULL, NULL, NULL, NULL, '1', NULL, NULL, '2019-03-09 18:50:44', '2019-03-09 18:50:44', NULL, 'item1921091023.jpg', 0, 1, 1),
(7, 2, '500124', 'Double Banana Bread', NULL, 'Double Banana BreadBread', 'double-banana-bread-10', 6, 17, '40.00', '10', '5', 'no', NULL, 'No', '', 0, '<p>banana Bread<br></p>', '<p>banana Bread<br></p>', '$', '2', NULL, NULL, NULL, 10000, '2', '2', 1, NULL, NULL, NULL, NULL, NULL, NULL, NULL, NULL, '1', NULL, NULL, '2019-03-09 18:59:02', '2019-03-09 18:59:02', NULL, 'item959982303.jpg', 0, 1, 1),
(8, 5, '8424212', 'Chicken Fried Rice', NULL, 'Chicken Fried Rice', 'chicken-fried-rice-500gm', 3, 10, '120.00', '500gm', '500gm', 'no', NULL, 'No', '', 0, '<p>Chicken Fried Rice<br></p>', '<p>Chicken Fried Rice</p>', '$', '2', NULL, NULL, NULL, 10000, '2', '2', 0, NULL, NULL, NULL, NULL, NULL, NULL, NULL, NULL, '1', NULL, NULL, '2019-03-09 19:01:05', '2019-03-09 19:01:05', NULL, 'item1462602.jpg', 0, 2, 1),
(9, 4, '4521', 'Fish Gril', NULL, 'Fish Gril', 'fish-gril-2-pieces', 4, 11, '200.00', '2 pieces', '2 pieces', 'no', NULL, 'No', '', 0, '<p>Fish Gril<br></p>', '<p>Fish Gril<br></p>', '$', '2', NULL, NULL, NULL, 10000, '2', '2', 3, NULL, NULL, NULL, NULL, NULL, NULL, NULL, NULL, '1', NULL, NULL, '2019-03-09 19:03:42', '2019-03-09 19:03:42', NULL, 'item2112088371.jpg', 0, 2, 1),
(10, 5, '68412', '68412', NULL, 'Chicken Tikka masala', '68412-1-piece', 5, 15, '300.00', '1 piece', '1 piece', 'no', NULL, 'No', '', 0, '<p>Chicken Tikka masala<br></p>', '<p>Chicken Tikka masala<br></p>', '$', '2', NULL, NULL, NULL, 1, '2', '2', 0, NULL, NULL, NULL, NULL, NULL, NULL, NULL, NULL, '1', NULL, NULL, '2019-03-09 19:07:02', '2019-03-09 19:07:02', NULL, 'item542953592.jpg', 0, 2, 1),
(11, 1, '52100', 'Egg Bread Buns', NULL, 'Egg Bread Buns', 'egg-bread-buns-pices', 6, 18, '75.00', 'pices', 'pices', 'no', NULL, 'No', '', 0, '<p>Egg Bread Buns<br></p>', '<p>??? ??? ?????<br></p>', '$', '2', NULL, NULL, NULL, 10000, '2', '2', 0, NULL, NULL, NULL, 'Egg Bread Buns', 'Egg Bread Buns', 'Egg Bread Buns', 'Egg Bread Buns', NULL, '1', NULL, NULL, '2019-03-11 10:55:07', '2019-03-11 10:55:07', NULL, 'item722312056.jpg', 0, 1, 1),
(12, 1, '521001', 'Chicken Fried Rice', NULL, '??? ???? ????', 'chicken-fried-rice-500-gm', 3, 10, '200.00', '500 gm', '500 ??', 'no', NULL, 'No', '', 0, '<p>Chicken Fried Rice<br></p>', '<p>??? ???? ????<br></p>', '$', '2', NULL, NULL, NULL, 10000, '2', '2', 0, NULL, NULL, NULL, 'Chicken Fried Rice', '??? ???? ????', 'Chicken Fried Rice', '??? ???? ????', NULL, '1', NULL, NULL, '2019-03-11 10:54:05', '2019-03-11 10:54:05', NULL, 'item1496323250.jpg', 0, 2, 1),
(13, 1, '52105', 'Apple Roses in Puffed Pastry', NULL, 'Apple Roses in Puffed Pastry', 'apple-roses-in-puffed-pastry-pices', 9, 27, '250.00', 'pices', 'pices', 'yes', '200.00', 'No', '', 0, '<p>Apple Roses in Puffed Pastry<br></p>', '<p>Apple Roses in Puffed Pastry<br></p>', '$', '2', NULL, NULL, NULL, 10000, '2', '2', 0, NULL, NULL, NULL, 'Apple Roses in Puffed Pastry', 'Apple Roses in Puffed Pastry', 'Apple Roses in Puffed Pastry', 'Apple Roses in Puffed Pastry', NULL, '1', NULL, NULL, '2019-03-11 10:58:55', '2019-03-11 10:58:55', NULL, 'item2136706918.jpg', 0, 2, 1),
(14, 1, '52106', 'Paneer Tikka Mirchi', NULL, 'Paneer Tikka Mirchi', 'paneer-tikka-mirchi-pices', 5, 14, '200.00', 'pices', 'pices', 'yes', '150.00', 'No', '', 0, '<p>Paneer Tikka Mirchi<br></p>', '<p>Paneer Tikka Mirchi<br></p>', '$', '2', NULL, NULL, NULL, 10000, '2', '2', 0, NULL, NULL, NULL, 'Paneer Tikka Mirchi', 'Paneer Tikka Mirchi', 'Paneer Tikka Mirchi', 'Paneer Tikka Mirchi', NULL, '1', NULL, NULL, '2019-03-11 11:01:55', '2019-03-11 11:01:55', NULL, 'item2062955664.jpg', 0, 2, 1),
(15, 1, '52107', 'Peas/Veg Pulao', NULL, 'Peas/Veg Pulao', 'peas-veg-pulao-500gm', 2, 3, '350.00', '500gm', '500gm', 'yes', '300.00', 'No', '', 0, '<p>Peas/Veg Pulao<br></p>', '<p>Peas/Veg Pulao<br></p>', '$', '2', NULL, NULL, NULL, 10000, '2', '2', 0, NULL, NULL, NULL, 'Peas/Veg Pulao', 'Peas/Veg Pulao', 'Peas/Veg Pulao', 'Peas/Veg Pulao', NULL, '1', NULL, NULL, '2019-03-11 11:04:50', '2019-03-11 11:04:50', NULL, 'item234227839.jpg', 0, 2, 1),
(16, 1, '52108', 'Spicy Fish Fry', NULL, 'Spicy Fish Fry', 'spicy-fish-fry-pices', 1, 29, '500.00', 'pices', 'pices', 'no', NULL, 'No', '', 0, '<p>Spicy Fish Fry<br></p>', '<p>Spicy Fish Fry<br></p>', '$', '2', NULL, NULL, NULL, 10000, '2', '2', 0, NULL, NULL, NULL, 'Spicy Fish Fry', 'Spicy Fish Fry', 'Spicy Fish Fry', 'Spicy Fish Fry', NULL, '1', NULL, NULL, '2019-03-11 11:07:13', '2019-03-11 11:07:13', NULL, 'item1964786790.jpg', 0, 2, 1),
(17, 1, '52109', 'Low Carb Vegan Sandwich Bread', NULL, 'Low Carb Vegan Sandwich Bread', 'low-carb-vegan-sandwich-bread-pices', 7, 21, '250.00', 'pices', 'pices', 'yes', '230.00', 'No', '', 0, '<p>Low Carb Vegan Sandwich Bread<br></p>', '<p>Low Carb Vegan Sandwich Bread<br></p>', '$', '2', NULL, NULL, NULL, 10000, '2', '2', 0, NULL, NULL, NULL, 'Low Carb Vegan Sandwich Bread', 'Low Carb Vegan Sandwich Bread', 'Low Carb Vegan Sandwich Bread', 'Low Carb Vegan Sandwich Bread', NULL, '1', NULL, NULL, '2019-03-11 11:09:25', '2019-03-11 11:09:25', NULL, 'item208621743.jpg', 0, 1, 1),
(18, 1, '52110', 'Spicy lemon Garlic', NULL, 'Spicy lemon Garlic', 'spicy-lemon-garlic-gm', 1, 28, '750.00', 'gm', 'gm', 'yes', '650.00', 'No', '', 0, '<p>Spicy lemon Garlic&nbsp;<br></p>', '<p>Spicy lemon Garlic&nbsp;<br></p>', '$', '2', NULL, NULL, NULL, 10000, '2', '2', 0, NULL, NULL, NULL, 'Spicy lemon Garlic', 'Spicy lemon Garlic', 'Spicy lemon Garlic', 'Spicy lemon Garlic', NULL, '1', NULL, NULL, '2019-03-11 11:11:38', '2019-03-11 11:11:38', NULL, 'item1519117408.jpg', 0, 2, 1),
(19, 2, '53100', 'Brioche Sandwich Buns', NULL, 'Brioche Sandwich Buns', 'brioche-sandwich-buns-gm', 6, 19, '500.00', 'gm', 'gm', 'yes', '350.00', 'No', '', 0, '<p>Brioche Sandwich Buns<br></p>', '<p>Brioche Sandwich Buns<br></p>', '$', '2', NULL, NULL, NULL, 10000, '2', '2', 0, NULL, NULL, NULL, 'Brioche Sandwich Buns', 'Brioche Sandwich Buns', 'Brioche Sandwich Buns', 'Brioche Sandwich Buns', NULL, '1', NULL, NULL, '2019-03-11 11:14:26', '2019-03-11 11:14:26', NULL, 'item1993848433.jpg', 0, 1, 1),
(20, 2, '53101', 'Bananacaramel', NULL, 'Bananacaramel', 'bananacaramel-pices', 9, 27, '250.00', 'pices', 'pices', 'yes', '200.00', 'No', '', 0, '<p>Bananacaramel<br></p>', '<p>Bananacaramel<br></p>', '$', '2', NULL, NULL, NULL, 10000, '2', '2', 0, NULL, NULL, NULL, 'Bananacaramel', 'Bananacaramel', 'Bananacaramel', 'Bananacaramel', NULL, '1', NULL, NULL, '2019-03-11 11:40:45', '2019-03-11 11:40:45', NULL, 'item32009711.jpg', 0, 2, 1),
(21, 2, '53104', 'Fish Grill', NULL, 'Fish Grill', 'fish-grill-gm', 4, 12, '350.00', 'gm', 'gm', 'no', NULL, 'No', '', 0, '<p>Fish Grill<br></p>', '<p>Fish Grill<br></p>', '$', '2', NULL, NULL, NULL, 10000, '2', '2', 0, NULL, NULL, NULL, 'Fish Grill', 'Fish Grill', 'Fish Grill', 'Fish Grill', NULL, '1', NULL, NULL, '2019-03-11 11:43:43', '2019-03-11 11:43:43', NULL, 'item492819966.jpg', 0, 2, 1),
(22, 2, '53107', 'Shami kebab', NULL, 'Shami kebab', 'shami-kebab-gm', 5, 16, '500.00', 'gm', 'gm', 'no', NULL, 'No', '', 0, '<p>Shami kebab<br></p>', '<p>Shami kebab<br></p>', '$', '2', NULL, NULL, NULL, 10000, '2', '2', 0, NULL, NULL, NULL, 'Shami kebab', 'Shami kebab', 'Shami kebab', 'Shami kebab', NULL, '1', NULL, NULL, '2019-03-11 11:48:41', '2019-03-11 11:48:41', NULL, 'item1464487095.JPG', 0, 2, 1),
(23, 2, '53106', 'Veg pasta', NULL, 'veg pasta', 'veg-pasta-gm', 10, 2, '750.00', 'gm', 'gm', 'no', NULL, 'No', '', 0, '<p>veg pasta<br></p>', '<p>veg pasta<br></p>', '$', '2', NULL, NULL, NULL, 10000, '2', '2', 0, NULL, NULL, NULL, 'veg pasta', 'veg pasta', 'veg pasta', 'veg pasta', NULL, '1', NULL, NULL, '2019-03-11 11:51:07', '2019-03-11 11:51:07', NULL, 'item261438863.jpg', 0, 2, 1),
(24, 2, '53108', 'Sandwich cart', NULL, 'sandwich cart', 'sandwich-cart-gm', 7, 21, '250.00', 'gm', 'gn', 'no', NULL, 'No', '', 0, '<p>sandwich cart<br></p>', '<p>sandwich cart<br></p>', '$', '2', NULL, NULL, NULL, 10000, '2', '2', 0, NULL, NULL, NULL, 'sandwich cart', 'sandwich cart', 'sandwich cart', 'sandwich cart', NULL, '1', NULL, NULL, '2019-03-11 11:54:16', '2019-03-11 11:54:16', NULL, 'item567288910.jpg', 0, 2, 1),
(25, 2, '531009', 'Fish Fried Rice', NULL, 'Fish Fried Rice', 'fish-fried-rice-kg', 3, 8, '800.00', 'kg', 'kg', 'yes', '750.00', 'No', '', 0, '<p>Fish Fried Rice<br></p>', '<p>Fish Fried Rice<br></p>', '$', '2', NULL, NULL, NULL, 10000, '2', '2', 0, NULL, NULL, NULL, 'Fish Fried Rice', 'Fish Fried Rice', 'Fish Fried Rice', 'Fish Fried Rice', NULL, '1', NULL, NULL, '2019-03-11 11:56:19', '2019-03-11 11:56:19', NULL, 'item960969919.jpg', 0, 2, 1),
(26, 3, '54100', 'Phulka', NULL, 'phulka', 'phulka-pices', 6, 18, '300.00', 'pices', 'pices', 'no', NULL, 'No', '', 0, '<p>phulka<br></p>', '<p>phulka<br></p>', '$', '2', NULL, NULL, NULL, 10000, '2', '2', 0, NULL, NULL, NULL, 'phulka', 'phulka', 'phulka', 'phulka', NULL, '1', NULL, NULL, '2019-03-11 11:59:08', '2019-03-11 11:59:08', NULL, 'item1477227031.jpg', 0, 2, 1),
(27, 3, '53102', 'Apple juice', NULL, 'Apple juice', 'apple-juice-ml', 9, 26, '70.00', 'ml', 'ml', 'no', NULL, 'No', '', 0, '<p>Apple juice<br></p>', '<p>Apple juice<br></p>', '$', '2', NULL, NULL, NULL, 10000, '2', '2', 0, NULL, NULL, NULL, 'Apple juice', 'Apple juice', 'Apple juice', 'Apple juice', NULL, '1', NULL, NULL, '2019-03-11 12:01:13', '2019-03-11 12:01:13', NULL, 'item417549328.jpg', 0, 2, 1),
(28, 3, '531003', 'Mixed Noodiles', NULL, 'Mixed Noodiles', 'mixed-noodiles-gm', 2, 4, '500.00', 'gm', 'gm', 'no', NULL, 'No', '', 0, '<p>Mixed Noodiles<br></p>', '<p>Mixed Noodiles<br></p>', '$', '2', NULL, NULL, NULL, 10000, '2', '2', 0, NULL, NULL, NULL, 'Mixed Noodiles', 'Mixed Noodiles', 'Mixed Noodiles', 'Mixed Noodiles', NULL, '1', NULL, NULL, '2019-03-11 12:02:56', '2019-03-11 12:02:56', NULL, 'item1871698154.jpg', 0, 2, 1),
(29, 3, '531004', 'PrawnChilli', NULL, 'PrawnChilli', 'prawnchilli-gm', 10, 1, '500.00', 'gm', 'gm', 'yes', '350.00', 'No', '', 0, '<p>PrawnChilli<br></p>', '<p>PrawnChilli<br></p>', '$', '2', NULL, NULL, NULL, 10000, '2', '2', 0, NULL, NULL, NULL, 'PrawnChilli', 'PrawnChilli', 'PrawnChilli', 'PrawnChilli', NULL, '1', NULL, NULL, '2019-03-11 12:05:23', '2019-03-11 12:05:23', NULL, 'item2045810150.jpg', 0, 2, 1),
(30, 3, '531005', 'Veg pizza', NULL, 'Veg Pizza', 'veg-pizza-pices', 8, 22, '300.00', 'pices', 'pices', 'no', NULL, 'No', '', 0, '<p>Veg Pizza<br></p>', '<p>Veg Pizza<br></p>', '$', '2', NULL, NULL, NULL, 10000, '2', '2', 0, NULL, NULL, NULL, 'Veg Pizza', 'Veg Pizza', 'Veg Pizza', 'Veg Pizza', NULL, '1', NULL, NULL, '2019-03-11 12:08:43', '2019-03-11 12:08:43', NULL, 'item1489860552.jpg', 0, 2, 1),
(31, 3, '53108', 'Non-veg  Sandwiches', NULL, 'Non-veg  Sandwiches', 'non-veg-sandwiches-pices', 7, 20, '350.00', 'pices', 'pices', 'yes', '300.00', 'No', '', 0, '<p>Non-veg&nbsp; Sandwiches<br></p>', '<p>Non-veg&nbsp; Sandwiches<br></p>', '$', '2', NULL, NULL, NULL, 10000, '2', '2', 1, NULL, NULL, NULL, 'Non-veg  Sandwiches', 'Non-veg  Sandwiches', 'Non-veg  Sandwiches', 'Non-veg  Sandwiches', NULL, '1', NULL, NULL, '2019-03-11 12:12:12', '2019-03-11 12:12:12', NULL, 'item581691510.jpg', 0, 2, 1),
(32, 3, '531008', 'Egg salad', NULL, 'Egg salad', 'egg-salad-egg-salad', 7, 21, '250.00', 'Egg salad', 'pices', 'no', NULL, 'No', '', 0, '<p>Egg salad<br></p>', '<p>Egg salad<br></p>', '$', '2', NULL, NULL, NULL, 10000, '2', '2', 0, NULL, NULL, NULL, 'Egg salad', 'Egg salad', 'Egg salad', 'Egg salad', NULL, '1', NULL, NULL, '2019-03-11 12:13:52', '2019-03-11 12:13:52', NULL, 'item213041514.jpg', 0, 2, 1),
(33, 3, '531009', 'Chicken Spicy Gril', NULL, 'Chicken Spicy Gril', 'chicken-spicy-gril-pices', 4, 12, '750.00', 'pices', 'pices', 'no', NULL, 'No', '', 0, '<p>Chicken Spicy Gril<br></p>', '<p>Chicken Spicy Gril<br></p>', '$', '2', NULL, NULL, NULL, 10000, '2', '2', 1, NULL, NULL, NULL, 'Chicken Spicy Gril', 'Chicken Spicy Gril', 'Chicken Spicy Gril', 'Chicken Spicy Gril', NULL, '1', NULL, NULL, '2019-03-11 12:16:34', '2019-03-11 12:16:34', NULL, 'item541106985.jpg', 0, 2, 1),
(34, 3, '531010', 'Fish Fry', NULL, 'Fish Fry', 'fish-fry-pices', 1, 29, '300.00', 'pices', 'pices', 'yes', '225.00', 'No', '', 0, '<p>Fish Fry<br></p>', '<p>Fish Fry<br></p>', '$', '2', NULL, NULL, NULL, 10000, '2', '2', 0, NULL, NULL, NULL, 'Fish Fry', 'Fish Fry', 'Fish Fry', 'Fish Fry', NULL, '1', NULL, NULL, '2019-03-11 12:18:10', '2019-03-11 12:18:10', NULL, 'item1674182511.jpg', 0, 2, 1),
(35, 4, '54102', 'Romalli Rotti', NULL, 'Romalli Rotti', 'romalli-rotti-pices', 6, 17, '300.00', 'pices', 'pices', 'no', NULL, 'No', '', 0, '<p>Romalli Rotti<br></p>', '<p>Romalli Rotti<br></p>', '$', '2', NULL, NULL, NULL, 10000, '2', '2', 0, NULL, NULL, NULL, 'Romalli Rotti', 'Romalli Rotti', 'Romalli Rotti', 'Romalli Rotti', NULL, '1', NULL, NULL, '2019-03-11 12:20:04', '2019-03-11 12:20:04', NULL, 'item561363779.jpg', 0, 2, 1),
(36, 4, '54101', 'Vennila', NULL, 'Vennila', 'vennila-gm', 9, 25, '75.00', 'gm', 'gm', 'no', NULL, 'No', '', 0, '<p>Vennila<br></p>', '<p>Vennila<br></p>', '$', '2', NULL, NULL, NULL, 10000, '2', '2', 1, NULL, NULL, NULL, 'Vennila', 'Vennila', 'Vennila', 'Vennila', NULL, '1', NULL, NULL, '2019-03-11 12:21:23', '2019-03-11 12:21:23', NULL, 'item1833657641.jpg', 0, 2, 1),
(37, 4, '55102', 'Chicken Fried Rice', NULL, 'Chicken Fried Rice', 'chicken-fried-rice-gm', 3, 10, '350.00', 'gm', 'gm', 'yes', '300.00', 'No', '', 0, '<p>Chicken Fried Rice<br></p>', '<p>Chicken Fried Rice<br></p>', '$', '2', NULL, NULL, NULL, 10000, '2', '2', 0, NULL, NULL, NULL, 'Chicken Fried Rice', 'Chicken Fried Rice', 'Chicken Fried Rice', 'Chicken Fried Rice', NULL, '1', NULL, NULL, '2019-03-11 12:23:30', '2019-03-11 12:23:30', NULL, 'item61250775.jpg', 0, 2, 1),
(38, 4, '551001', 'Fish Gril', NULL, 'Chicken Fried Rice', 'fish-gril-gm', 4, 11, '500.00', 'gm', 'gm', 'no', NULL, 'No', '', 0, '<p>Chicken Fried Rice<br></p>', '<p>Chicken Fried Rice<br></p>', '$', '2', NULL, NULL, NULL, 10000, '2', '2', 0, NULL, NULL, NULL, 'Chicken Fried Rice', 'Chicken Fried Rice', 'Chicken Fried Rice', 'Chicken Fried Rice', NULL, '1', NULL, NULL, '2019-03-11 12:26:42', '2019-03-11 12:26:42', NULL, 'item1135445754.jpg', 0, 2, 1),
(39, 4, '551002', 'Mutton Tikka', NULL, 'Mutton Tikka', 'mutton-tikka-pices', 5, 13, '750.00', 'pices', 'pices', 'yes', '700.00', 'No', '', 0, '<p>Mutton Tikka<br></p>', '<p>Mutton Tikka<br></p>', '$', '2', NULL, NULL, NULL, 10000, '2', '2', 0, NULL, NULL, NULL, 'Mutton Tikka', 'Mutton Tikka', 'Mutton Tikka', 'Mutton Tikka', NULL, '1', NULL, NULL, '2019-03-11 12:28:28', '2019-03-11 12:28:28', NULL, 'item279374750.jpg', 0, 2, 1),
(40, 4, '551008', 'Prawn Ghilli', NULL, 'Prawn Ghilli', 'prawn-ghilli-gm', 1, 28, '750.00', 'gm', 'gm', 'no', NULL, 'No', '', 0, '<p>Prawn Ghilli<br></p>', '<p>Prawn Ghilli<br></p>', '$', '2', NULL, NULL, NULL, 10000, '2', '2', 0, NULL, NULL, NULL, 'Prawn Ghilli', 'Prawn Ghilli', 'Prawn Ghilli', 'Prawn Ghilli', NULL, '1', NULL, NULL, '2019-03-11 12:30:19', '2019-03-11 12:30:19', NULL, 'item1555687474.jpg', 0, 2, 1),
(41, 4, '551006', 'Fish Chilli', NULL, 'Fish Chilli', 'fish-chilli-pices', 2, 5, '300.00', 'pices', 'pices', 'no', NULL, 'No', '', 0, '<p>Fish Chilli<br></p>', '<p>Fish Chilli<br></p>', '$', '2', NULL, NULL, NULL, 10000, '2', '2', 0, NULL, NULL, NULL, 'Fish Chilli', 'Fish Chilli', 'Fish Chilli', 'Fish Chilli', NULL, '1', NULL, NULL, '2019-03-11 12:32:55', '2019-03-11 12:32:55', NULL, 'item722407498.jpg', 0, 2, 1),
(42, 4, '551009', 'Prawns chilli', NULL, 'prawns chilli', 'prawns-chilli-pices', 1, 28, '500.00', 'pices', 'pices', 'no', NULL, 'No', '', 0, '<p>prawns chilli<br></p>', '<p>prawns chilli<br></p>', '$', '2', NULL, NULL, NULL, 10000, '2', '2', 0, NULL, NULL, NULL, 'prawns chilli', 'prawns chilli', 'prawns chilli', 'prawns chilli', NULL, '1', NULL, NULL, '2019-03-11 12:34:30', '2019-03-11 12:34:30', NULL, 'item864641828.jpg', 0, 2, 1),
(43, 4, '571001', 'Pasteries', NULL, 'Pasteries', 'pasteries-gm', 9, 27, '250.00', 'gm', 'gm', 'no', NULL, 'No', '', 0, '<p>Pasteries<br></p>', '<p>Pasteries<br></p>', '$', '2', NULL, NULL, NULL, 10000, '2', '2', 1, NULL, NULL, NULL, 'Pasteries', 'Pasteries', 'Pasteries', 'Pasteries', NULL, '1', NULL, NULL, '2019-03-11 12:36:34', '2019-03-11 12:36:34', NULL, 'item2120178544.JPG', 0, 2, 1),
(44, 4, '59001', 'Prawn Chilli', NULL, 'Prawn Chilli', 'prawn-chilli-gm', 10, 1, '350.00', 'gm', 'gm', 'no', NULL, 'No', '', 0, '<p>Prawn Chilli<br></p>', '<p>Prawn Chilli<br></p>', '$', '2', NULL, NULL, NULL, 10000, '2', '2', 0, NULL, NULL, NULL, 'Prawn Chilli', 'Prawn Chilli', 'Prawn Chilli', 'Prawn Chilli', NULL, '1', NULL, NULL, '2019-03-11 12:39:47', '2019-03-11 12:39:47', NULL, 'item1485658581.jpg', 0, 2, 1),
(45, 5, '61001', 'Chicken tikka', NULL, 'Chicken tikka', 'chicken-tikka-gm', 5, 15, '500.00', 'gm', 'gm', 'no', NULL, 'No', '', 0, '<p>Chicken tikka<br></p>', '<p>Chicken tikka<br></p>', '$', '2', NULL, NULL, NULL, 10000, '2', '2', 0, NULL, NULL, NULL, 'Chicken tikka', 'Chicken tikka', 'Chicken tikka', 'Chicken tikka', NULL, '1', NULL, NULL, '2019-03-11 12:45:44', '2019-03-11 12:45:44', NULL, 'item659627026.jpg', 0, 2, 1),
(46, 5, '61003', 'Mutton Tikka', NULL, 'Mutton Tikka', 'mutton-tikka-pices', 5, 13, '300.00', 'pices', 'pices', 'no', NULL, 'No', '', 0, '<p>Mutton Tikka<br></p>', '<p>Mutton Tikka<br></p>', '$', '2', NULL, NULL, NULL, 10000, '2', '2', 0, NULL, NULL, NULL, 'Mutton Tikka', 'Mutton Tikka', 'Mutton Tikka', 'Mutton Tikka', NULL, '1', NULL, NULL, '2019-03-11 12:47:36', '2019-03-11 12:47:36', NULL, 'item1744528385.jpg', 0, 2, 1),
(47, 5, '571002', 'PrawnChilli', NULL, 'PrawnChilli', 'prawnchilli-prawnchilli', 1, 28, '500.00', 'PrawnChilli', 'pices', 'yes', '400.00', 'No', '', 0, '<p>PrawnChilli<br></p>', '<p>PrawnChilli<br></p>', '$', '2', NULL, NULL, NULL, 10000, '2', '2', 0, NULL, NULL, NULL, 'PrawnChilli', 'PrawnChilli', 'PrawnChilli', 'PrawnChilli', NULL, '1', NULL, NULL, '2019-03-11 12:49:20', '2019-03-11 12:49:20', NULL, 'item885349145.jpg', 0, 2, 1),
(48, 5, '57004', 'Strawberry ice cream', NULL, 'strawberry ice cream', 'strawberry-ice-cream-gm', 9, 25, '500.00', 'gm', 'gm', 'yes', '450.00', 'No', '', 0, '<p>strawberry ice cream<br></p>', '<p>strawberry ice cream<br></p>', '$', '2', NULL, NULL, NULL, 10000, '2', '2', 0, NULL, NULL, NULL, 'strawberry ice cream', 'strawberry ice cream', 'strawberry ice cream', 'strawberry ice cream', NULL, '1', NULL, NULL, '2019-03-11 12:59:31', '2019-03-11 12:59:31', NULL, 'item1145249259.png', 0, 2, 1),
(49, 5, '58110', 'Fish Fry', NULL, 'strawberry ice cream', 'fish-fry-pices', 1, 29, '300.00', 'pices', 'pices', 'yes', '250.00', 'No', '', 0, '<p>Fish Fry<br></p>', '<p>Fish Fry<br></p>', '$', '2', NULL, NULL, NULL, 10000, '2', '2', 0, NULL, NULL, NULL, 'Fish Fry', 'Fish Fry', 'Fish Fry', 'Fish Fry', NULL, '1', NULL, NULL, '2019-03-11 13:01:28', '2019-03-11 13:01:28', NULL, 'item1823710067.jpg', 0, 2, 1),
(50, 5, '580012', 'PrawnChilli', NULL, 'Fish Fry', 'prawnchilli-pices', 1, 28, '500.00', 'pices', 'pices', 'yes', '400.00', 'No', '', 0, '<p>Prawn Chilli<br></p>', '<p>Prawn Chilli<br></p>', '$', '2', NULL, NULL, NULL, 10000, '2', '2', 0, NULL, NULL, NULL, 'Prawn Chilli', 'Prawn Chilli', 'Prawn Chilli', 'Prawn Chilli', NULL, '1', NULL, NULL, '2019-03-11 13:03:41', '2019-03-11 13:03:41', NULL, 'item2005176244.jpg', 0, 2, 1),
(51, 5, '671245', 'Icecream Cake', NULL, 'Icecream Cake', 'icecream-cake-pices', 9, 25, '300.00', 'pices', 'pices', 'yes', '250.00', 'No', '', 0, '<p>Icecream Cake<br></p>', '<p>Icecream Cake<br></p>', '$', '2', NULL, NULL, NULL, 10000, '2', '2', 0, NULL, NULL, NULL, 'Icecream Cake', 'Icecream Cake', 'Icecream Cake', 'Icecream Cake', NULL, '1', NULL, NULL, '2019-03-11 13:05:37', '2019-03-11 13:05:37', NULL, 'item1271459354.jpg', 0, 2, 1),
(52, 5, '58120', 'Prawn Chili chips', NULL, 'Prawn Chili chips', 'prawn-chili-chips-gm', 1, 28, '300.00', 'GM', 'gm', 'no', NULL, 'No', '', 0, '<p>Prawn Chili chips<br></p>', '<p>Prawn Chili chips<br></p>', '$', '2', NULL, NULL, NULL, 10000, '2', '2', 0, NULL, NULL, NULL, 'Prawn Chili chips', 'Prawn Chili chips', 'Prawn Chili chips', 'Prawn Chili chips', NULL, '1', NULL, NULL, '2019-03-11 13:08:47', '2019-03-11 13:08:47', NULL, 'item457816862.jpg', 0, 2, 1),
(53, 6, '71002', 'Venilla Icecream', NULL, 'Venilla Icecream', 'venilla-icecream-gm', 9, 25, '300.00', 'gm', 'gm', 'no', NULL, 'No', '', 0, '<p>Venilla Icecream<br></p>', '<p>Venilla Icecream<br></p>', '$', '2', NULL, NULL, NULL, 5, '2', '2', 0, NULL, NULL, NULL, 'Venilla Icecream', 'Venilla Icecream', NULL, 'Venilla Icecream', NULL, '1', NULL, NULL, '2019-03-11 16:03:01', '2019-03-11 16:03:01', NULL, 'item1607720498.jpg', 0, 2, 1),
(54, 6, '725001', 'Veg Rotti', NULL, 'Veg Rotti', 'veg-rotti-pices', 6, 19, '50.00', 'pices', 'pices', 'no', NULL, 'No', '', 0, '<p>Veg Rotti<br></p>', '<p>Veg Rotti<br></p>', '$', '2', NULL, NULL, NULL, 10000, '2', '2', 0, NULL, NULL, NULL, 'Veg Rotti', 'Veg Rotti', 'Veg Rotti', 'Veg Rotti', NULL, '1', NULL, NULL, '2019-03-11 16:06:46', '2019-03-11 16:06:46', NULL, 'item782913062.jpg', 0, 1, 1),
(55, 6, '821005', 'Romali Rotti', NULL, 'Romali Rotti', 'romali-rotti-pices', 6, 17, '75.00', 'pices', 'pices', 'yes', '65.00', 'No', '', 0, '<p>Romali Rotti<br></p>', '<p>Romali Rotti<br></p>', '$', '2', NULL, NULL, NULL, 10000, '2', '2', 2, NULL, NULL, NULL, 'Romali Rotti', 'Romali Rotti', 'Romali Rotti', 'Romali Rotti', NULL, '1', NULL, NULL, '2019-03-11 16:08:43', '2019-03-11 16:08:43', NULL, 'item172595949.jpg', 0, 1, 1),
(56, 7, '81200', 'Chicken Fried Rice', NULL, 'Chicken Fried Rice', 'chicken-fried-rice-gm', 3, 10, '250.00', 'gm', 'gm', 'no', NULL, 'No', '', 0, '<p>Chicken Fried Rice<br></p>', '<p>Chicken Fried Rice<br></p>', '$', '2', NULL, NULL, NULL, 5, '2', '2', 1, NULL, NULL, NULL, 'Chicken Fried Rice', 'Chicken Fried Rice', 'Chicken Fried Rice', 'Chicken Fried Rice', NULL, '1', NULL, NULL, '2019-03-11 16:10:20', '2019-03-11 16:10:20', NULL, 'item955514423.jpg', 0, 2, 1),
(57, 7, '82105', 'Fish Fried Rice', NULL, 'Fish Fried Rice', 'fish-fried-rice-gm', 3, 8, '250.00', 'gm', 'gm', 'no', NULL, 'No', '', 0, '<p>Fish Fried Rice<br></p>', '<p>Fish Fried Rice<br></p>', '$', '2', NULL, NULL, NULL, 10000, '2', '2', 5, NULL, NULL, NULL, 'Fish Fried Rice', 'Fish Fried Rice', 'Fish Fried Rice', 'Fish Fried Rice', NULL, '1', NULL, NULL, '2019-03-11 16:12:35', '2019-03-11 16:12:35', NULL, 'item342322506.jpg', 0, 2, 1),
(58, 7, '824571', 'Mushroom Tikka', NULL, 'Mushroom Tikka', 'mushroom-tikka-gm', 5, 13, '300.00', 'gm', 'gm', 'no', NULL, 'No', '', 0, '<p>Mushroom Tikka<br></p>', '<p>Mushroom Tikka<br></p>', '$', '2', NULL, NULL, NULL, 10000, '2', '2', 2, NULL, NULL, NULL, 'Mushroom Tikka', 'Mushroom Tikka', 'Mushroom Tikka', 'Mushroom Tikka', NULL, '1', NULL, NULL, '2019-03-11 16:15:05', '2019-03-11 16:15:05', NULL, 'item1817012799.jpg', 0, 2, 1),
(59, 8, '912001', 'Fish Noodles', NULL, 'Fish Noodles', 'fish-noodles-gm', 2, 5, '300.00', 'gm', 'gm', 'yes', '250.00', 'No', '', 0, '<p>Fish Noodles<br></p>', '<p>Fish Noodles<br></p>', '$', '2', NULL, NULL, NULL, 10000, '2', '2', 0, NULL, NULL, NULL, 'Fish Noodles', 'Fish Noodles', 'Fish Noodles', 'Fish Noodles', NULL, '1', NULL, NULL, '2019-03-11 16:17:05', '2019-03-11 16:17:05', NULL, 'item1502247587.jpg', 0, 2, 1),
(60, 8, '87456465', 'PrawnChilli', NULL, 'Fish Noodles', 'prawnchilli-gm', 10, 1, '300.00', 'gm', 'gm', 'yes', '200.00', 'No', '', 0, '<p>PrawnChilli<br></p>', '<p>PrawnChilli<br></p>', '$', '2', NULL, NULL, NULL, 10000, '2', '2', 0, NULL, NULL, NULL, 'PrawnChilli', 'PrawnChilli', 'PrawnChilli', 'PrawnChilli', NULL, '1', NULL, NULL, '2019-03-11 16:18:46', '2019-03-11 16:18:46', NULL, 'item966685936.jpg', 0, 2, 1),
(61, 8, '98956', 'Veg sandwiches', NULL, 'veg sandwiches', 'veg-sandwiches-gm', 7, 21, '350.00', 'gm', 'gm', 'no', NULL, 'No', '', 0, '<p>veg sandwiches<br></p>', '<p>veg sandwiches<br></p>', '$', '2', NULL, NULL, NULL, 10000, '2', '2', 0, NULL, NULL, NULL, 'veg sandwiches', 'veg sandwiches', 'veg sandwiches', 'veg sandwiches', NULL, '1', NULL, NULL, '2019-03-11 16:20:16', '2019-03-11 16:20:16', NULL, 'item491940748.jpg', 0, 2, 1),
(62, 9, '30303030', 'Sweet Monkey', NULL, 'Macaco doce', 'sweet-monkey-1kg', 11, 30, '1000.00', '1kg', '1quilo', 'no', NULL, 'No', '', 0, '<p>fried monkey very sweet<br></p>', '<p>macaco frito bem docinho<br></p>', '$', '2', NULL, NULL, NULL, 1, '1', '2', 0, NULL, NULL, NULL, 'monkey, fried', 'macaco, frito', 'frid monkey toasted', 'macaco frito tostado', NULL, '1', NULL, NULL, '2019-03-14 21:59:25', '2019-03-14 21:59:25', NULL, 'item440608848.jpg', 9, 2, 1),
(63, 3, '234156', 'Pasta Prawns', NULL, 'pasta Prawns', 'pasta-prawns-500gm', 10, 1, '30.00', '500gm', '500gm', 'yes', '25.00', 'No', '', 0, '<p><span style=\"background-color: rgb(255, 255, 0);\"><b>Fried in Red Chilli with olive oil&nbsp;&nbsp;&nbsp;&nbsp;&nbsp; </b></span>&nbsp;</p>', '<p>Fried in Red Chilli with Olive Oil&nbsp;&nbsp;&nbsp;&nbsp;&nbsp;&nbsp;&nbsp;&nbsp;</p>', '$', '2', NULL, NULL, NULL, 1, '1', '1', 1, NULL, NULL, NULL, NULL, NULL, NULL, NULL, NULL, '1', NULL, NULL, '2019-03-16 13:24:19', '2019-03-16 13:24:19', NULL, 'item794331607.jpg/**/item781407894.jpg', 0, 2, 1);

-- --------------------------------------------------------

--
-- Table structure for table `gr_product_choice`
--

CREATE TABLE `gr_product_choice` (
  `pc_id` int(10) NOT NULL,
  `pc_choice_id` int(10) NOT NULL,
  `pc_price` decimal(10,2) DEFAULT NULL,
  `pc_pro_id` int(10) NOT NULL
) ENGINE=InnoDB DEFAULT CHARSET=latin1;

--
-- Dumping data for table `gr_product_choice`
--

INSERT INTO `gr_product_choice` (`pc_id`, `pc_choice_id`, `pc_price`, `pc_pro_id`) VALUES
(1, 5, '10.00', 1),
(2, 4, '15.00', 1),
(3, 5, '1.00', 62),
(4, 6, '1.00', 62),
(5, 2, '1.00', 62),
(6, 7, '3.00', 63),
(7, 6, '3.00', 63),
(8, 2, '3.00', 63);

-- --------------------------------------------------------

--
-- Table structure for table `gr_product_spec`
--

CREATE TABLE `gr_product_spec` (
  `spec_id` int(11) NOT NULL,
  `spec_title` varchar(255) DEFAULT NULL,
  `spec_desc` text,
  `spec_pro_id` int(11) NOT NULL
) ENGINE=InnoDB DEFAULT CHARSET=latin1;

--
-- Dumping data for table `gr_product_spec`
--

INSERT INTO `gr_product_spec` (`spec_id`, `spec_title`, `spec_desc`, `spec_pro_id`) VALUES
(1, 'choices', '<p>choose your Cilli Prawns</p>', 63);

-- --------------------------------------------------------

--
-- Table structure for table `gr_proitem_maincategory`
--

CREATE TABLE `gr_proitem_maincategory` (
  `pro_mc_id` int(11) NOT NULL,
  `pro_mc_name` varchar(255) NOT NULL,
  `pro_mc_name_ar` varchar(255) CHARACTER SET utf8 DEFAULT NULL,
  `pro_mc_type` int(11) DEFAULT NULL COMMENT '1-Item,2-Product',
  `pro_mc_status` int(11) NOT NULL COMMENT '0-block,1-active,2-delete',
  `pro_mc_image` varchar(300) DEFAULT NULL,
  `pro_added_by` int(11) DEFAULT '0' COMMENT '0-admin,1-merchant',
  `pro_mc_created` datetime DEFAULT CURRENT_TIMESTAMP
) ENGINE=InnoDB DEFAULT CHARSET=latin1;

--
-- Dumping data for table `gr_proitem_maincategory`
--

INSERT INTO `gr_proitem_maincategory` (`pro_mc_id`, `pro_mc_name`, `pro_mc_name_ar`, `pro_mc_type`, `pro_mc_status`, `pro_mc_image`, `pro_added_by`, `pro_mc_created`) VALUES
(1, 'Sea Foods', 'Sea Foods', 1, 1, NULL, 0, '2019-03-09 12:03:48'),
(2, 'Noodles', 'مطعم', 1, 1, NULL, 0, '2019-03-09 12:04:06'),
(3, 'Fried Rice', 'Fried Rice', 1, 1, NULL, 0, '2019-03-09 12:04:40'),
(4, 'Grills', 'Grills', 1, 1, NULL, 0, '2019-03-09 12:04:55'),
(5, 'Kebab', 'كباب', 1, 1, NULL, 0, '2019-03-09 12:05:12'),
(6, 'Breads and Buns', 'Breads and Buns', 1, 1, NULL, 0, '2019-03-09 12:05:45'),
(7, 'Sandwiches', 'Sandwiches', 1, 1, NULL, 0, '2019-03-09 12:05:56'),
(8, 'Pizza', 'Pizza', 1, 1, NULL, 0, '2019-03-09 12:06:04'),
(9, 'Desserts', 'كباب كرز', 1, 1, NULL, 0, '2019-03-09 12:06:26'),
(10, 'Pasta', 'Pasta', 1, 1, NULL, 0, '2019-03-09 12:06:39'),
(11, 'Specials', 'Especiais', 1, 1, NULL, 9, '2019-03-14 16:16:58');

-- --------------------------------------------------------

--
-- Table structure for table `gr_proitem_subcategory`
--

CREATE TABLE `gr_proitem_subcategory` (
  `pro_sc_id` int(11) NOT NULL,
  `pro_sc_name` varchar(255) NOT NULL,
  `pro_sc_name_ar` varchar(255) CHARACTER SET utf8 DEFAULT NULL,
  `pro_main_id` int(11) DEFAULT NULL,
  `pro_sc_type` int(11) DEFAULT NULL COMMENT '1-Item,2-Product',
  `pro_sc_status` int(11) NOT NULL COMMENT '0-block,1-active,2-delete',
  `pro_added_by` int(11) DEFAULT '0' COMMENT '0-admin,1-merchant',
  `pro_sc_created` datetime DEFAULT CURRENT_TIMESTAMP
) ENGINE=InnoDB DEFAULT CHARSET=latin1;

--
-- Dumping data for table `gr_proitem_subcategory`
--

INSERT INTO `gr_proitem_subcategory` (`pro_sc_id`, `pro_sc_name`, `pro_sc_name_ar`, `pro_main_id`, `pro_sc_type`, `pro_sc_status`, `pro_added_by`, `pro_sc_created`) VALUES
(1, 'Prawn Chillies', 'Prawn Chillies', 10, 1, 1, 0, '2019-03-09 12:06:57'),
(2, 'Veg Pasta', 'Non-Veg Pasta', 10, 1, 1, 0, '2019-03-09 12:07:09'),
(3, 'Vegetable', 'Vegetable', 2, 1, 1, 0, '2019-03-09 12:07:42'),
(4, 'Mixed', 'Mixed', 2, 1, 1, 0, '2019-03-09 12:07:49'),
(5, 'Fish', 'Fish', 2, 1, 1, 0, '2019-03-09 12:07:55'),
(6, 'Chicken', 'Chicken', 2, 1, 1, 0, '2019-03-09 12:08:00'),
(7, 'Vegetable', 'Vegetable', 3, 1, 1, 0, '2019-03-09 12:09:03'),
(8, 'Fish', 'Fish', 3, 1, 1, 0, '2019-03-09 12:09:15'),
(9, 'Mixed', 'Mixed', 3, 1, 1, 0, '2019-03-09 12:09:27'),
(10, 'Chicken', 'Chicken', 3, 1, 1, 0, '2019-03-09 12:09:51'),
(11, 'Fish', 'Fish', 4, 1, 1, 0, '2019-03-09 12:10:18'),
(12, 'Chicken', 'Chicken', 4, 1, 1, 0, '2019-03-09 12:10:24'),
(13, 'Mushroom Tikka', 'Mushroom Tikka', 5, 1, 1, 0, '2019-03-09 12:10:48'),
(14, 'Panner Tikka', 'Panner Tikka', 5, 1, 1, 0, '2019-03-09 12:10:55'),
(15, 'Chicken Tikka', 'Chicken Tikka', 5, 1, 1, 0, '2019-03-09 12:11:03'),
(16, 'Shami Kebab', 'Shami Kebab', 5, 1, 1, 0, '2019-03-09 12:11:08'),
(17, 'Romalli Rotti', 'Romalli Rotti', 6, 1, 1, 0, '2019-03-09 12:11:45'),
(18, 'Phulka', 'Phulka', 6, 1, 1, 0, '2019-03-09 12:11:53'),
(19, 'Rotti', 'Rotti', 6, 1, 1, 0, '2019-03-09 12:11:59'),
(20, 'Non-Veg Sandwiches', 'Non-Veg Sandwiches', 7, 1, 1, 0, '2019-03-09 12:12:28'),
(21, 'Veg Sandwiches', 'Veg Sandwiches', 7, 1, 1, 0, '2019-03-09 12:12:43'),
(22, 'Large', 'Large', 8, 1, 1, 0, '2019-03-09 12:13:12'),
(23, 'Medium', 'Medium', 8, 1, 1, 0, '2019-03-09 12:13:24'),
(24, 'Small', 'Small', 8, 1, 1, 0, '2019-03-09 12:13:39'),
(25, 'Ice Cream', 'Ice Cream', 9, 1, 1, 0, '2019-03-09 12:14:26'),
(26, 'Fresh Juice', 'Fresh Juice', 9, 1, 1, 0, '2019-03-09 12:14:34'),
(27, 'Pasteries', 'Pasteries', 9, 1, 1, 0, '2019-03-09 12:14:58'),
(28, 'Prawn Chillies', 'Fish Fry', 1, 1, 1, 0, '2019-03-09 12:16:09'),
(29, 'Fish Fry', 'Fish Fry', 1, 1, 1, 0, '2019-03-09 12:16:20'),
(30, 'From Jungle', 'Da Selva', 11, 1, 1, 9, '2019-03-14 16:17:48');

-- --------------------------------------------------------

--
-- Table structure for table `gr_referal`
--

CREATE TABLE `gr_referal` (
  `re_id` int(10) NOT NULL,
  `referral_id` int(10) NOT NULL,
  `referre_email` varchar(255) NOT NULL,
  `re_offer_percent` int(111) DEFAULT NULL,
  `re_offer_amt` decimal(10,2) NOT NULL DEFAULT '0.00',
  `re_currency` varchar(10) CHARACTER SET utf8 DEFAULT NULL,
  `re_purchased` enum('0','1') DEFAULT '0' COMMENT '0-not purchaesd,1-purchased',
  `re_code_used` enum('0','1') NOT NULL DEFAULT '0' COMMENT '0 - not used, 1 - used',
  `re_code` varchar(100) DEFAULT NULL COMMENT '0-not purchaesd,1-purchased',
  `re_order_id` varchar(100) DEFAULT NULL,
  `re_order_date` datetime DEFAULT NULL
) ENGINE=InnoDB DEFAULT CHARSET=latin1;

--
-- Dumping data for table `gr_referal`
--

INSERT INTO `gr_referal` (`re_id`, `referral_id`, `referre_email`, `re_offer_percent`, `re_offer_amt`, `re_currency`, `re_purchased`, `re_code_used`, `re_code`, `re_order_id`, `re_order_date`) VALUES
(1, 4, 'refermail1@mailinator.com', 12, '0.00', NULL, '0', '0', '69RA0HBC', NULL, NULL),
(2, 4, 'refermail2@mailinator.com', 12, '0.00', NULL, '0', '0', NULL, NULL, NULL);

-- --------------------------------------------------------

--
-- Table structure for table `gr_res_working_hrs`
--

CREATE TABLE `gr_res_working_hrs` (
  `wk_id` int(11) NOT NULL,
  `wk_res_id` int(11) NOT NULL,
  `wk_closed` int(11) NOT NULL,
  `wk_date` varchar(255) DEFAULT NULL,
  `wk_start_time` varchar(100) DEFAULT NULL,
  `wk_end_time` varchar(100) DEFAULT NULL,
  `old_start_time` varchar(100) DEFAULT NULL,
  `old_end_time` varchar(100) DEFAULT NULL
) ENGINE=InnoDB DEFAULT CHARSET=latin1;

--
-- Dumping data for table `gr_res_working_hrs`
--

INSERT INTO `gr_res_working_hrs` (`wk_id`, `wk_res_id`, `wk_closed`, `wk_date`, `wk_start_time`, `wk_end_time`, `old_start_time`, `old_end_time`) VALUES
(1, 1, 0, 'Sunday', '9:00am', '8:00pm', '9:00am', '8:00pm'),
(2, 1, 0, 'Monday', '9:00am', '8:00pm', '9:00am', '8:00pm'),
(3, 1, 0, 'Tuesday', '9:00am', '8:00pm', '9:00am', '8:00pm'),
(4, 1, 0, 'Wednesday', '9:00am', '8:00pm', '9:00am', '8:00pm'),
(5, 1, 0, 'Thursday', '9:00am', '8:00pm', '9:00am', '8:00pm'),
(6, 1, 0, 'Friday', '9:00am', '8:00pm', '9:00am', '8:00pm'),
(7, 1, 0, 'Saturday', '9:00am', '8:00pm', '9:00am', '8:00pm'),
(8, 2, 0, 'Sunday', '9:00am', '9:00pm', '9:00am', '9:00pm'),
(9, 2, 0, 'Monday', '9:00am', '9:00pm', '9:00am', '9:00pm'),
(10, 2, 0, 'Tuesday', '9:00am', '9:00pm', '9:00am', '9:00pm'),
(11, 2, 0, 'Wednesday', '9:00am', '9:00pm', '9:00am', '9:00pm'),
(12, 2, 0, 'Thursday', '9:00am', '9:00pm', '9:00am', '9:00pm'),
(13, 2, 0, 'Friday', '9:00am', '9:00pm', '9:00am', '9:00pm'),
(14, 2, 0, 'Saturday', '9:00am', '9:00pm', '9:00am', '9:00pm'),
(15, 3, 0, 'Sunday', '12:00am', '11:30pm', '12:00am', '11:30pm'),
(16, 3, 0, 'Monday', '12:00am', '1:30am', '12:00am', '1:30am'),
(17, 3, 0, 'Tuesday', '12:00am', '11:30pm', '12:00am', '11:30pm'),
(18, 3, 0, 'Wednesday', '9:00am', '8:30am', '9:00am', '8:30am'),
(19, 3, 0, 'Thursday', '9:00am', '8:30am', '9:00am', '8:30am'),
(20, 3, 0, 'Friday', '9:00am', '8:30am', '9:00am', '8:30am'),
(21, 3, 0, 'Saturday', '9:00am', '8:00am', '9:00am', '8:00am'),
(22, 4, 0, 'Sunday', '9:30am', '9:30pm', '9:30am', '9:30pm'),
(23, 4, 0, 'Monday', '9:30am', '9:30pm', '9:30am', '9:30pm'),
(24, 4, 0, 'Tuesday', '9:30am', '9:30pm', '9:30am', '9:30pm'),
(25, 4, 0, 'Wednesday', '9:30am', '9:30pm', '9:30am', '9:30pm'),
(26, 4, 0, 'Thursday', '9:30am', '9:30pm', '9:30am', '9:30pm'),
(27, 4, 0, 'Friday', '9:30am', '9:30pm', '9:30am', '9:30pm'),
(28, 4, 0, 'Saturday', '9:30am', '9:30pm', '9:30am', '9:30pm'),
(29, 5, 0, 'Sunday', '7:00am', '6:30pm', '7:00am', '6:30pm'),
(30, 5, 0, 'Monday', '7:00am', '6:30pm', '7:00am', '6:30pm'),
(31, 5, 0, 'Tuesday', '7:00am', '6:30pm', '7:00am', '6:30pm'),
(32, 5, 0, 'Wednesday', '7:00am', '6:30pm', '7:00am', '6:30pm'),
(33, 5, 0, 'Thursday', '7:00am', '6:30pm', '7:00am', '6:30pm'),
(34, 5, 0, 'Friday', '7:00am', '6:30pm', '7:00am', '6:30pm'),
(35, 5, 0, 'Saturday', '7:00am', '6:30pm', '7:00am', '6:30pm'),
(36, 6, 1, 'Sunday', '12:00am', '12:00am', '12:00am', '12:00am'),
(37, 6, 0, 'Monday', '9:00am', '10:00pm', '9:00am', '10:00pm'),
(38, 6, 0, 'Tuesday', '9:00am', '10:00pm', '9:00am', '10:00pm'),
(39, 6, 0, 'Wednesday', '9:00am', '10:00pm', '9:00am', '10:00pm'),
(40, 6, 0, 'Thursday', '9:00am', '10:00pm', '9:00am', '10:00pm'),
(41, 6, 0, 'Friday', '12:30am', '11:00pm', '12:30am', '11:00pm'),
(42, 6, 0, 'Saturday', '9:00am', '10:00pm', '9:00am', '10:00pm'),
(43, 7, 0, 'Sunday', '9:00am', '10:00pm', '9:00am', '10:00pm'),
(44, 7, 0, 'Monday', '9:00am', '10:00pm', '9:00am', '10:00pm'),
(45, 7, 0, 'Tuesday', '9:00am', '10:00pm', '9:00am', '10:00pm'),
(46, 7, 0, 'Wednesday', '9:00am', '10:00pm', '9:00am', '10:00pm'),
(47, 7, 0, 'Thursday', '9:00am', '10:00pm', '9:00am', '10:00pm'),
(48, 7, 0, 'Friday', '9:00am', '10:00pm', '9:00am', '10:00pm'),
(49, 7, 0, 'Saturday', '9:00am', '8:00pm', '9:00am', '8:00pm'),
(50, 8, 0, 'Sunday', '9:00am', '10:00pm', '9:00am', '10:00pm'),
(51, 8, 0, 'Monday', '9:00am', '10:00pm', '9:00am', '10:00pm'),
(52, 8, 0, 'Tuesday', '9:00am', '10:00pm', '9:00am', '10:00pm'),
(53, 8, 0, 'Wednesday', '9:00am', '10:00pm', '9:00am', '10:00pm'),
(54, 8, 0, 'Thursday', '9:00am', '10:00pm', '9:00am', '10:00pm'),
(55, 8, 0, 'Friday', '9:00am', '10:00pm', '9:00am', '10:00pm'),
(56, 8, 0, 'Saturday', '9:00am', '10:00pm', '9:00am', '10:00pm'),
(57, 9, 0, 'Sunday', '9:30am', '12:00am', '9:30am', '12:00am'),
(58, 9, 0, 'Monday', '9:30am', '7:30pm', '9:30am', '7:30pm'),
(59, 9, 0, 'Tuesday', '9:00pm', '10:00pm', '9:00pm', '10:00pm'),
(60, 9, 0, 'Wednesday', '10:00am', '11:00pm', '10:00am', '11:00pm'),
(61, 9, 0, 'Thursday', '9:00am', '10:00pm', '9:00am', '10:00pm'),
(62, 9, 0, 'Friday', '9:00am', '10:00pm', '9:00am', '10:00pm'),
(63, 9, 0, 'Saturday', '10:00am', '11:30pm', '10:00am', '11:30pm');

-- --------------------------------------------------------

--
-- Table structure for table `gr_review`
--

CREATE TABLE `gr_review` (
  `comment_id` int(11) NOT NULL,
  `customer_id` int(11) NOT NULL,
  `proitem_id` int(11) DEFAULT NULL,
  `res_store_id` int(11) DEFAULT NULL,
  `merchant_id` int(11) DEFAULT NULL,
  `order_id` varchar(255) DEFAULT NULL,
  `agent_id` int(11) DEFAULT NULL,
  `delivery_id` int(11) DEFAULT NULL,
  `review_type` enum('product','item','store','restaurant','order') DEFAULT NULL,
  `review_comments` text NOT NULL,
  `review_rating` int(11) DEFAULT NULL,
  `review_status` enum('0','1','2') NOT NULL COMMENT '0-disapprove,1-approve,2-delete',
  `created_date` datetime DEFAULT NULL
) ENGINE=InnoDB DEFAULT CHARSET=latin1;

--
-- Dumping data for table `gr_review`
--

INSERT INTO `gr_review` (`comment_id`, `customer_id`, `proitem_id`, `res_store_id`, `merchant_id`, `order_id`, `agent_id`, `delivery_id`, `review_type`, `review_comments`, `review_rating`, `review_status`, `created_date`) VALUES
(1, 4, NULL, 4, 4, NULL, NULL, NULL, 'restaurant', 'Rest Review', 4, '0', '2019-03-28 14:42:00'),
(2, 4, 9, 4, 4, NULL, NULL, NULL, 'item', 'item review', 4, '0', '2019-03-28 14:42:00');

-- --------------------------------------------------------

--
-- Table structure for table `gr_shipping`
--

CREATE TABLE `gr_shipping` (
  `id` int(11) NOT NULL,
  `sh_cus_id` int(10) NOT NULL,
  `sh_cus_fname` varchar(255) DEFAULT NULL,
  `sh_cus_lname` varchar(255) NOT NULL,
  `sh_cus_email` varchar(255) DEFAULT NULL,
  `sh_building_no` text COMMENT 'LandMark',
  `sh_street` varchar(100) NOT NULL,
  `sh_direction` varchar(255) DEFAULT NULL,
  `sh_location` text NOT NULL,
  `sh_address` text,
  `sh_city` int(10) NOT NULL,
  `sh_country` int(10) NOT NULL,
  `sh_latitude` varchar(100) NOT NULL,
  `sh_longitude` varchar(100) NOT NULL,
  `sh_phone1` varchar(50) NOT NULL,
  `sh_phone2` varchar(50) NOT NULL,
  `sh_zipcode` varchar(255) DEFAULT NULL
) ENGINE=InnoDB DEFAULT CHARSET=latin1;

--
-- Dumping data for table `gr_shipping`
--

INSERT INTO `gr_shipping` (`id`, `sh_cus_id`, `sh_cus_fname`, `sh_cus_lname`, `sh_cus_email`, `sh_building_no`, `sh_street`, `sh_direction`, `sh_location`, `sh_address`, `sh_city`, `sh_country`, `sh_latitude`, `sh_longitude`, `sh_phone1`, `sh_phone2`, `sh_zipcode`) VALUES
(1, 1, NULL, '', NULL, NULL, '', NULL, 'Coimbatore, Tamil Nadu, India', NULL, 0, 0, '11.0168445', '76.95583209999995', '', '', NULL),
(2, 4, 'Suganya', 'T', 'suganya.t@pofitec.com', 'Tamil Nadu', '', NULL, 'Los Angeles, CA, USA', NULL, 0, 0, '34.0522342', '-118.2436849', '+189645646', '+189645646', '45334'),
(3, 5, 'Nagoor', 'Meeran', 'nagoor@pofitec.com', NULL, '', NULL, 'Los Angeles, CA, USA', NULL, 0, 0, '34.0522342', '-118.2436849', '+134253253254235', '+134253253254235', NULL),
(4, 6, NULL, '', NULL, NULL, '', NULL, 'Coimbatore, Tamil Nadu, India', NULL, 0, 0, '11.0168445', '76.95583209999995', '', '', NULL),
(5, 7, NULL, '', NULL, NULL, '', NULL, 'Coimbatore, Tamil Nadu, India', NULL, 0, 0, '11.0168445', '76.95583209999995', '', '', NULL),
(6, 8, NULL, '', NULL, NULL, '', NULL, 'Coimbatore, Tamil Nadu, India', NULL, 0, 0, '11.0168445', '76.95583209999995', '', '', NULL),
(7, 10, 'Refer', 'mail', 'refermail1@mailinator.com', '15th street', '', NULL, 'Los Angeles, CA, USA', NULL, 0, 0, '34.0522342', '-118.2436849', '+1435435435', '+1435435435', NULL),
(8, 11, 'Refer', '2', 'refermail2@mailinator.com', '15th street', '', NULL, 'Los Angeles, CA, USA', NULL, 0, 0, '34.0522342', '-118.2436849', '+143543543', '+143543543', NULL),
(9, 2, 'Mani', 'Kandan', 'mani.visolve@gmail.com', NULL, '', NULL, '106 W 1st St, Los Angeles, CA 90012, USA', NULL, 0, 0, '34.0522342', '-118.24368489999999', '+1965836251694', '+136559464344', '90012'),
(10, 15, 'mani', 'kandan', 'mani.visolve@gmail.com', NULL, '', NULL, '312 N Spring St, Los Angeles, CA 90012, USA', NULL, 0, 0, '34.05524666277981', '-118.24119463562964', '+19659262318', '+19658253612', '90012'),
(11, 20, NULL, '', NULL, NULL, '', NULL, 'Los Angeles, CA, USA', NULL, 0, 0, '34.0522342', '-118.2436849', '', '', NULL),
(12, 21, NULL, '', NULL, NULL, '', NULL, 'Los Angeles, CA, USA', NULL, 0, 0, '34.0522342', '-118.2436849', '', '', NULL),
(13, 23, 'zain', 'zain', 'zain_tuahan@yahoo.com', NULL, '', NULL, 'Tumaga Por Centro, Zamboanga, Zamboanga del Sur, Philippines', NULL, 0, 0, '6.9329535', '122.0826825', '+1', '+1', '7958'),
(14, 26, NULL, '', NULL, NULL, '', NULL, 'Los Angeles, CA, USA', NULL, 0, 0, '34.0522342', '-118.2436849', '', '', NULL);

-- --------------------------------------------------------

--
-- Table structure for table `gr_store`
--

CREATE TABLE `gr_store` (
  `id` int(11) NOT NULL,
  `st_type` enum('1','2') NOT NULL COMMENT '1-Restaurant,2->Store',
  `st_mer_id` int(11) NOT NULL,
  `st_store_name` varchar(255) NOT NULL,
  `st_store_name_ar` varchar(255) CHARACTER SET utf8mb4 DEFAULT NULL,
  `store_slug` varchar(255) NOT NULL,
  `st_category` int(11) NOT NULL,
  `st_location` varchar(255) CHARACTER SET utf8 DEFAULT NULL,
  `st_city` varchar(255) CHARACTER SET utf8 DEFAULT NULL,
  `st_country` varchar(255) CHARACTER SET utf8 DEFAULT NULL,
  `st_currency` varchar(100) CHARACTER SET utf8 DEFAULT NULL,
  `st_minimum_order` int(11) DEFAULT NULL,
  `st_pre_order` int(11) DEFAULT NULL COMMENT '0-no,1-yes',
  `st_delivery_time` varchar(100) DEFAULT NULL,
  `st_delivery_duration` varchar(100) DEFAULT NULL,
  `st_desc` text NOT NULL,
  `st_desc_ar` text CHARACTER SET utf8,
  `st_address` text CHARACTER SET utf8 COLLATE utf8_swedish_ci,
  `st_latitude` varchar(100) DEFAULT NULL,
  `st_longitude` varchar(100) DEFAULT NULL,
  `st_delivery_radius` varchar(100) DEFAULT NULL,
  `st_logo` varchar(255) DEFAULT NULL,
  `st_banner` varchar(255) DEFAULT NULL,
  `st_status` int(11) NOT NULL DEFAULT '1' COMMENT '0-block,1-active,2-delete',
  `st_rating` varchar(20) DEFAULT NULL,
  `added_by` int(11) DEFAULT '0' COMMENT '0-admin,1-merchant',
  `created_at` datetime DEFAULT NULL,
  `updated_at` datetime DEFAULT NULL
) ENGINE=InnoDB DEFAULT CHARSET=latin1;

--
-- Dumping data for table `gr_store`
--

INSERT INTO `gr_store` (`id`, `st_type`, `st_mer_id`, `st_store_name`, `st_store_name_ar`, `store_slug`, `st_category`, `st_location`, `st_city`, `st_country`, `st_currency`, `st_minimum_order`, `st_pre_order`, `st_delivery_time`, `st_delivery_duration`, `st_desc`, `st_desc_ar`, `st_address`, `st_latitude`, `st_longitude`, `st_delivery_radius`, `st_logo`, `st_banner`, `st_status`, `st_rating`, `added_by`, `created_at`, `updated_at`) VALUES
(1, '1', 1, 'Thai Tanic', 'Thai Tanic', 'thai-tanic', 6, NULL, NULL, NULL, '$', 0, 0, '30', 'hours', '<p>We will server spicy foods along with fantastic customer delivery and satisfaction.<br>&nbsp;restaurant (French: [??sto???] ( listen)), or an eatery, is a business which prepares and serves food and drinks to customers in exchange for money. ... Some restaurants serve all the major meals, such as breakfast, lunch, and dinner (e.g., major fast food chains, diners, hotel restaurants, and airport restaurants)<br></p>', '<p>We will server spicy foods along with fantastic customer delivery and satisfaction.<br>&nbsp;restaurant (French: [??sto???] ( listen)), or an eatery, is a business which prepares and serves food and drinks to customers in exchange for money. ... Some restaurants serve all the major meals, such as breakfast, lunch, and dinner (e.g., major fast food chains, diners, hotel restaurants, and airport restaurants)<br></p>', 'Los Angeles, CA, USA', '34.0522342', '-118.2436849', '10', 'restaurant1847087480.jpg', 'restaurant681020480.png/**/', 1, NULL, 0, '2019-03-09 18:12:00', '2019-03-09 18:12:00'),
(2, '1', 2, 'Indian Restaurant', 'Indian Restaurant', 'indian-restaurant', 1, NULL, NULL, NULL, '$', 0, 0, '30', 'hours', '<p>Welcome to Indian Restaurant! We offer healthy, fresh Indian cuisine using only the finest ingredients and freshest products.Please join us to experience fine Indian Cuisine in the heart of Boulder, Colorado. Vegan, Gluten free, and Halal meat options are available.<br></p>', '<p>Welcome to Indian Restaurant! We offer healthy, fresh Indian cuisine using only the finest ingredients and freshest products.Please join us to experience fine Indian Cuisine in the heart of Boulder, Colorado. Vegan, Gluten free, and Halal meat options are available.<br></p>', 'Los Angeles, CA 90012, USA', '34.0653347', '-118.24389100000002', '10', 'restaurant580551794.jpg', 'restaurant1904172684.jpg/**/', 1, NULL, 0, '2019-03-09 18:14:53', '2019-03-13 12:45:53'),
(3, '1', 3, 'McDonalds', 'McDonalds', 'mcdonalds', 7, NULL, NULL, NULL, '$', 25, 1, '30', 'hours', '<p>McDonalds.com is your hub for everything McDonald\'s. Find out more about our menu items and promotions today!<br>Before your next McDonald\'s trip, take a tour of our full McDonald\'s Menu. Check out our breakfast, burgers, and more!<br></p>', '<p>McDonalds.com is your hub for everything McDonald\'s. Find out more about our menu items and promotions today!<br>Before your next McDonald\'s trip, take a tour of our full McDonald\'s Menu. Check out our breakfast, burgers, and more!<br></p>', 'Los Angeles International Airport (LAX), World Way, Los Angeles, CA, USA', '33.9415889', '-118.40852999999998', '20', 'restaurant209033293.jpg', 'restaurant1170408735.jpg/**/', 1, NULL, 3, '2019-03-09 18:18:13', '2019-03-16 23:27:23'),
(4, '1', 4, 'Tomates In', 'Tomates In', 'tomates-in', 4, NULL, NULL, NULL, '$', 15, 0, '30', 'hours', '<p>Welcome to Margaritas Lebanon Mexican Restaurant. Enjoy a unique, and authentic Mexican dining experience. Try out now<br>We welcome you to enjoy authentic Mexican food made with the freshest ingredients while our courteous, friendly staff prepares and serves your meal.<br></p>', '<p>Welcome to Margaritas Lebanon Mexican Restaurant. Enjoy a unique, and authentic Mexican dining experience. Try out now<br>We welcome you to enjoy authentic Mexican food made with the freshest ingredients while our courteous, friendly staff prepares and serves your meal.<br></p>', 'La Petite Academy in Los Angeles, CA, North Alameda Street, Los Angeles, CA 90012, USA', '34.05534199999999', '-118.23735499999998', '20', 'restaurant1373239224.png', 'restaurant1218868924.jpg/**/', 1, NULL, 0, '2019-03-09 18:22:01', '2019-03-13 14:03:25'),
(5, '1', 5, 'Sinbad', 'Sinbad', 'sinbad', 10, NULL, NULL, NULL, '$', 15, 1, '30', 'hours', '<p>Come in to Sinbad Restaurant, enjoy our wide selection of entrees such as the sauteed chicken, baba ghanouj, tabbouli and more along with fresh fruit plates at the new restaurant which prides itself on serving fine Middle Eastern cuisine.<br></p>', '<p>Come in to Sinbad Restaurant, enjoy our wide selection of entrees such as the sauteed chicken, baba ghanouj, tabbouli and more along with fresh fruit plates at the new restaurant which prides itself on serving fine Middle Eastern cuisine.<br></p>', 'La Petite Academy in Los Angeles, CA, North Alameda Street, Los Angeles, CA 90012, USA', '34.05534199999999', '-118.23735499999998', '20', 'restaurant1688361011.jpg', 'restaurant1490471020.png/**/', 1, NULL, 0, '2019-03-09 18:24:48', '2019-03-09 18:24:48'),
(6, '1', 6, 'Rich Indian Hotel', 'Rich Indian Hotel', 'rich-indian-hotel', 1, NULL, NULL, NULL, '$', 0, 0, '30', 'minutes', '<p><span style=\"color: rgb(84, 84, 84); font-family: arial, sans-serif; font-size: small;\">A </span><span style=\"font-weight: bold; color: rgb(106, 106, 106); font-family: arial, sans-serif; font-size: small;\">restaurant</span><span style=\"color: rgb(84, 84, 84); font-family: arial, sans-serif; font-size: small;\"> (French: [??sto???] ( listen)), or an eatery, is a business which prepares and serves food and drinks to customers in exchange for money. ... Some </span><span style=\"font-weight: bold; color: rgb(106, 106, 106); font-family: arial, sans-serif; font-size: small;\">restaurants</span><span style=\"color: rgb(84, 84, 84); font-family: arial, sans-serif; font-size: small;\"> serve all the major meals, such as breakfast, lunch, and dinner (e.g., major fast food chains, diners, hotel </span><span style=\"font-weight: bold; color: rgb(106, 106, 106); font-family: arial, sans-serif; font-size: small;\">restaurants</span><span style=\"color: rgb(84, 84, 84); font-family: arial, sans-serif; font-size: small;\">, and airport</span><span style=\"font-weight: bold; color: rgb(106, 106, 106); font-family: arial, sans-serif; font-size: small;\">restaurants</span><span style=\"color: rgb(84, 84, 84); font-family: arial, sans-serif; font-size: small;\">).</span></p><p><span style=\"color: rgb(84, 84, 84); font-family: arial, sans-serif; font-size: small;\">A </span><span style=\"font-weight: bold; color: rgb(106, 106, 106); font-family: arial, sans-serif; font-size: small;\">restaurant</span><span style=\"color: rgb(84, 84, 84); font-family: arial, sans-serif; font-size: small;\"> (French: [??sto???] ( listen)), or an eatery, is a business which prepares and serves food and drinks to customers in exchange for money. ... Some </span><span style=\"font-weight: bold; color: rgb(106, 106, 106); font-family: arial, sans-serif; font-size: small;\">restaurants</span><span style=\"color: rgb(84, 84, 84); font-family: arial, sans-serif; font-size: small;\"> serve all the major meals, such as breakfast, lunch, and dinner (e.g., major fast food chains, diners, hotel </span><span style=\"font-weight: bold; color: rgb(106, 106, 106); font-family: arial, sans-serif; font-size: small;\">restaurants</span><span style=\"color: rgb(84, 84, 84); font-family: arial, sans-serif; font-size: small;\">, and airport</span><span style=\"font-weight: bold; color: rgb(106, 106, 106); font-family: arial, sans-serif; font-size: small;\">restaurants</span><span style=\"color: rgb(84, 84, 84); font-family: arial, sans-serif; font-size: small;\">).</span></p>', '<p>R<span style=\"color: rgb(84, 84, 84); font-family: arial, sans-serif; font-size: small;\">A </span><span style=\"font-weight: bold; color: rgb(106, 106, 106); font-family: arial, sans-serif; font-size: small;\">restaurant</span><span style=\"color: rgb(84, 84, 84); font-family: arial, sans-serif; font-size: small;\"> (French: [??sto???] ( listen)), or an eatery, is a business which prepares and serves food and drinks to customers in exchange for money. ... Some </span><span style=\"font-weight: bold; color: rgb(106, 106, 106); font-family: arial, sans-serif; font-size: small;\">restaurants</span><span style=\"color: rgb(84, 84, 84); font-family: arial, sans-serif; font-size: small;\"> serve all the major meals, such as breakfast, lunch, and dinner (e.g., major fast food chains, diners, hotel </span><span style=\"font-weight: bold; color: rgb(106, 106, 106); font-family: arial, sans-serif; font-size: small;\">restaurants</span><span style=\"color: rgb(84, 84, 84); font-family: arial, sans-serif; font-size: small;\">, and airport</span><span style=\"font-weight: bold; color: rgb(106, 106, 106); font-family: arial, sans-serif; font-size: small;\">restaurants</span><span style=\"color: rgb(84, 84, 84); font-family: arial, sans-serif; font-size: small;\">).</span><br></p><p><span style=\"color: rgb(84, 84, 84); font-family: arial, sans-serif; font-size: small;\">A </span><span style=\"font-weight: bold; color: rgb(106, 106, 106); font-family: arial, sans-serif; font-size: small;\">restaurant</span><span style=\"color: rgb(84, 84, 84); font-family: arial, sans-serif; font-size: small;\"> (French: [??sto???] ( listen)), or an eatery, is a business which prepares and serves food and drinks to customers in exchange for money. ... Some </span><span style=\"font-weight: bold; color: rgb(106, 106, 106); font-family: arial, sans-serif; font-size: small;\">restaurants</span><span style=\"color: rgb(84, 84, 84); font-family: arial, sans-serif; font-size: small;\"> serve all the major meals, such as breakfast, lunch, and dinner (e.g., major fast food chains, diners, hotel </span><span style=\"font-weight: bold; color: rgb(106, 106, 106); font-family: arial, sans-serif; font-size: small;\">restaurants</span><span style=\"color: rgb(84, 84, 84); font-family: arial, sans-serif; font-size: small;\">, and airport</span><span style=\"font-weight: bold; color: rgb(106, 106, 106); font-family: arial, sans-serif; font-size: small;\">restaurants</span><span style=\"color: rgb(84, 84, 84); font-family: arial, sans-serif; font-size: small;\">).</span></p>', 'Los Angeles, CA, USA', '34.0522342', '-118.2436849', '15', 'restaurant1179714955.png', 'restaurant1456134186.jpg/**/', 1, NULL, 0, '2019-03-11 15:18:49', '2019-03-14 15:10:58'),
(7, '1', 7, 'Crystal Dragon', '10:00pm', 'crystal-dragon', 7, NULL, NULL, NULL, '$', 0, 0, '20', 'hours', '<p style=\"box-sizing: inherit; margin-right: auto; margin-bottom: 25px; margin-left: auto; color: rgb(51, 51, 51); font-size: 18px; line-height: 32px; font-family: Roboto, sans-serif; background-color: rgb(250, 250, 250);\"><span style=\"box-sizing: inherit; font-weight: 700;\">uisine: </span>Cantonese /<span style=\"box-sizing: inherit; font-weight: 700;\"> </span>Chinese</p><p style=\"box-sizing: inherit; margin-right: auto; margin-bottom: 25px; margin-left: auto; color: rgb(51, 51, 51); font-size: 18px; line-height: 32px; font-family: Roboto, sans-serif; background-color: rgb(250, 250, 250);\">Highlighting authentic regional Chinese dishes and premium Cantonese fare, Crystal Dragon lets each diner savour a plethora of interesting flavours in an opulent oriental setting within the City of Dreams Manila. </p><p style=\"box-sizing: inherit; margin-right: auto; margin-bottom: 25px; margin-left: auto; color: rgb(51, 51, 51); font-size: 18px; line-height: 32px; font-family: Roboto, sans-serif; background-color: rgb(250, 250, 250);\"><em style=\"box-sizing: inherit;\">UG/F City of Dreams Manila, Crown Towers, Aseana Avenue cor. Roxas Blvd., Parañaque City, +632.691.7782</em><span style=\"box-sizing: inherit; font-weight: 700;\">uisine: </span>Cantonese /<span style=\"box-sizing: inherit; font-weight: 700;\"> </span>Chinese</p><p style=\"box-sizing: inherit; margin-right: auto; margin-bottom: 25px; margin-left: auto; color: rgb(51, 51, 51); font-size: 18px; line-height: 32px; font-family: Roboto, sans-serif; background-color: rgb(250, 250, 250);\">Highlighting authentic regional Chinese dishes and premium Cantonese fare, Crystal Dragon lets each diner savour a plethora of interesting flavours in an opulent oriental setting within the City of Dreams Manila. </p><p style=\"box-sizing: inherit; margin-right: auto; margin-bottom: 25px; margin-left: auto; color: rgb(51, 51, 51); font-size: 18px; line-height: 32px; font-family: Roboto, sans-serif; background-color: rgb(250, 250, 250);\"><em style=\"box-sizing: inherit;\">UG/F City of Dreams Manila, Crown Towers, Aseana Avenue cor. Roxas Blvd., Parañaque City, +632.691.7782</em><span style=\"box-sizing: inherit; font-weight: 700;\">uisine: </span>Cantonese /<span style=\"box-sizing: inherit; font-weight: 700;\"> </span>Chinese</p><p style=\"box-sizing: inherit; margin-right: auto; margin-bottom: 25px; margin-left: auto; color: rgb(51, 51, 51); font-size: 18px; line-height: 32px; font-family: Roboto, sans-serif; background-color: rgb(250, 250, 250);\">Highlighting authentic regional Chinese dishes and premium Cantonese fare, Crystal Dragon lets each diner savour a plethora of interesting flavours in an opulent oriental setting within the City of Dreams Manila. </p><p style=\"box-sizing: inherit; margin-right: auto; margin-bottom: 25px; margin-left: auto; color: rgb(51, 51, 51); font-size: 18px; line-height: 32px; font-family: Roboto, sans-serif; background-color: rgb(250, 250, 250);\"><em style=\"box-sizing: inherit;\">UG/F City of Dreams Manila, Crown Towers, Aseana Avenue cor. Roxas Blvd., Parañaque City, +632.691.7782</em><span style=\"box-sizing: inherit; font-weight: 700;\">uisine: </span>Cantonese /<span style=\"box-sizing: inherit; font-weight: 700;\"> </span>Chinese</p><p style=\"box-sizing: inherit; margin-right: auto; margin-bottom: 25px; margin-left: auto; color: rgb(51, 51, 51); font-size: 18px; line-height: 32px; font-family: Roboto, sans-serif; background-color: rgb(250, 250, 250);\">Highlighting authentic regional Chinese dishes and premium Cantonese fare, Crystal Dragon lets each diner savour a plethora of interesting flavours in an opulent oriental setting within the City of Dreams Manila. </p><p style=\"box-sizing: inherit; margin-right: auto; margin-bottom: 25px; margin-left: auto; color: rgb(51, 51, 51); font-size: 18px; line-height: 32px; font-family: Roboto, sans-serif; background-color: rgb(250, 250, 250);\"><em style=\"box-sizing: inherit;\">UG/F City of Dreams Manila, Crown Towers, Aseana Avenue cor. Roxas Blvd., Parañaque City, +632.691.7782</em><span style=\"box-sizing: inherit; font-weight: 700;\">uisine: </span>Cantonese /<span style=\"box-sizing: inherit; font-weight: 700;\"> </span>Chinese</p><p style=\"box-sizing: inherit; margin-right: auto; margin-bottom: 25px; margin-left: auto; color: rgb(51, 51, 51); font-size: 18px; line-height: 32px; font-family: Roboto, sans-serif; background-color: rgb(250, 250, 250);\">Highlighting authentic regional Chinese dishes and premium Cantonese fare, Crystal Dragon lets each diner savour a plethora of interesting flavours in an opulent oriental setting within the City of Dreams Manila. </p><p style=\"box-sizing: inherit; margin-right: auto; margin-bottom: 25px; margin-left: auto; color: rgb(51, 51, 51); font-size: 18px; line-height: 32px; font-family: Roboto, sans-serif; background-color: rgb(250, 250, 250);\"><em style=\"box-sizing: inherit;\">UG/F City of Dreams Manila, Crown Towers, Aseana Avenue cor. Roxas Blvd., Parañaque City, +632.691.7782</em></p>', '<p style=\"box-sizing: inherit; margin-right: auto; margin-bottom: 25px; margin-left: auto; color: rgb(51, 51, 51); font-size: 18px; line-height: 32px; font-family: Roboto, sans-serif; background-color: rgb(250, 250, 250);\"><span style=\"box-sizing: inherit; font-weight: 700;\">uisine: </span>Cantonese /<span style=\"box-sizing: inherit; font-weight: 700;\"> </span>Chinese</p><p style=\"box-sizing: inherit; margin-right: auto; margin-bottom: 25px; margin-left: auto; color: rgb(51, 51, 51); font-size: 18px; line-height: 32px; font-family: Roboto, sans-serif; background-color: rgb(250, 250, 250);\">Highlighting authentic regional Chinese dishes and premium Cantonese fare, Crystal Dragon lets each diner savour a plethora of interesting flavours in an opulent oriental setting within the City of Dreams Manila. </p><p style=\"box-sizing: inherit; margin-right: auto; margin-bottom: 25px; margin-left: auto; color: rgb(51, 51, 51); font-size: 18px; line-height: 32px; font-family: Roboto, sans-serif; background-color: rgb(250, 250, 250);\"><em style=\"box-sizing: inherit;\">UG/F City of Dreams Manila, Crown Towers, Aseana Avenue cor. Roxas Blvd., Parañaque City, +632.691.7782</em><span style=\"box-sizing: inherit; font-weight: 700;\">uisine: </span>Cantonese /<span style=\"box-sizing: inherit; font-weight: 700;\"> </span>Chinese</p><p style=\"box-sizing: inherit; margin-right: auto; margin-bottom: 25px; margin-left: auto; color: rgb(51, 51, 51); font-size: 18px; line-height: 32px; font-family: Roboto, sans-serif; background-color: rgb(250, 250, 250);\">Highlighting authentic regional Chinese dishes and premium Cantonese fare, Crystal Dragon lets each diner savour a plethora of interesting flavours in an opulent oriental setting within the City of Dreams Manila. </p><p style=\"box-sizing: inherit; margin-right: auto; margin-bottom: 25px; margin-left: auto; color: rgb(51, 51, 51); font-size: 18px; line-height: 32px; font-family: Roboto, sans-serif; background-color: rgb(250, 250, 250);\"><em style=\"box-sizing: inherit;\">UG/F City of Dreams Manila, Crown Towers, Aseana Avenue cor. Roxas Blvd., Parañaque City, +632.691.7782</em><span style=\"box-sizing: inherit; font-weight: 700;\">uisine: </span>Cantonese /<span style=\"box-sizing: inherit; font-weight: 700;\"> </span>Chinese</p><p style=\"box-sizing: inherit; margin-right: auto; margin-bottom: 25px; margin-left: auto; color: rgb(51, 51, 51); font-size: 18px; line-height: 32px; font-family: Roboto, sans-serif; background-color: rgb(250, 250, 250);\">Highlighting authentic regional Chinese dishes and premium Cantonese fare, Crystal Dragon lets each diner savour a plethora of interesting flavours in an opulent oriental setting within the City of Dreams Manila. </p><p style=\"box-sizing: inherit; margin-right: auto; margin-bottom: 25px; margin-left: auto; color: rgb(51, 51, 51); font-size: 18px; line-height: 32px; font-family: Roboto, sans-serif; background-color: rgb(250, 250, 250);\"><em style=\"box-sizing: inherit;\">UG/F City of Dreams Manila, Crown Towers, Aseana Avenue cor. Roxas Blvd., Parañaque City, +632.691.7782</em><span style=\"box-sizing: inherit; font-weight: 700;\">uisine: </span>Cantonese /<span style=\"box-sizing: inherit; font-weight: 700;\"> </span>Chinese</p><p style=\"box-sizing: inherit; margin-right: auto; margin-bottom: 25px; margin-left: auto; color: rgb(51, 51, 51); font-size: 18px; line-height: 32px; font-family: Roboto, sans-serif; background-color: rgb(250, 250, 250);\">Highlighting authentic regional Chinese dishes and premium Cantonese fare, Crystal Dragon lets each diner savour a plethora of interesting flavours in an opulent oriental setting within the City of Dreams Manila. </p><p style=\"box-sizing: inherit; margin-right: auto; margin-bottom: 25px; margin-left: auto; color: rgb(51, 51, 51); font-size: 18px; line-height: 32px; font-family: Roboto, sans-serif; background-color: rgb(250, 250, 250);\"><em style=\"box-sizing: inherit;\">UG/F City of Dreams Manila, Crown Towers, Aseana Avenue cor. Roxas Blvd., Parañaque City, +632.691.7782</em><span style=\"box-sizing: inherit; font-weight: 700;\">uisine: </span>Cantonese /<span style=\"box-sizing: inherit; font-weight: 700;\"> </span>Chinese</p><p style=\"box-sizing: inherit; margin-right: auto; margin-bottom: 25px; margin-left: auto; color: rgb(51, 51, 51); font-size: 18px; line-height: 32px; font-family: Roboto, sans-serif; background-color: rgb(250, 250, 250);\">Highlighting authentic regional Chinese dishes and premium Cantonese fare, Crystal Dragon lets each diner savour a plethora of interesting flavours in an opulent oriental setting within the City of Dreams Manila. </p><p style=\"box-sizing: inherit; margin-right: auto; margin-bottom: 25px; margin-left: auto; color: rgb(51, 51, 51); font-size: 18px; line-height: 32px; font-family: Roboto, sans-serif; background-color: rgb(250, 250, 250);\"><em style=\"box-sizing: inherit;\">UG/F City of Dreams Manila, Crown Towers, Aseana Avenue cor. Roxas Blvd., Parañaque City, +632.691.7782</em></p>', 'Los Angeles Convention Center, South Figueroa Street, Los Angeles, CA, USA', '34.0403207', '-118.26956239999998', '22', 'restaurant12282258.jpg', 'restaurant1844991307.jpg/**/', 1, NULL, 0, '2019-03-11 15:27:08', '2019-03-13 12:24:41'),
(8, '1', 8, 'Mexican Food', 'Mexican Food', 'mexican-food', 4, NULL, NULL, NULL, '$', 0, 0, '25', 'minutes', '<p>Lorem Ipsum is simply dummy text of the printing and typesetting industry. Lorem Ipsum has been the industry\'s standard dummy text ever since the 1500s, when an unknown printer took a galley of type and scrambled it to make a type specimen book. It has survived not only five centuries, but also the leap into electronic typesetting, remaining essentially unchanged. It was popularised in the 1960s with the release of Letraset sheets containing Lorem Ipsum passages, and more recently with desktop publishing software like Aldus PageMaker including versions of Lorem Ipsum<br></p>', '<p>Lorem Ipsum is simply dummy text of the printing and typesetting industry. Lorem Ipsum has been the industry\'s standard dummy text ever since the 1500s, when an unknown printer took a galley of type and scrambled it to make a type specimen book. It has survived not only five centuries, but also the leap into electronic typesetting, remaining essentially unchanged. It was popularised in the 1960s with the release of Letraset sheets containing Lorem Ipsum passages, and more recently with desktop publishing software like Aldus PageMaker including versions of Lorem Ipsum<br></p>', 'Los Angeles, CA, USA', '34.0522342', '-118.2436849', '15', 'restaurant1021888643.jpg', 'restaurant55118012.jpg/**/', 1, NULL, 0, '2019-03-11 15:40:30', '2019-03-13 14:51:09'),
(9, '1', 9, 'Tropical Storm', 'Tropical Storm', 'tropical-storm', 6, NULL, NULL, NULL, '$', 40, 1, '30', 'minutes', '<p>A very beautifull place with amazing people always... A very beautifull place with amazing people always.... A very beautifull place with amazing people always</p>', '<p>Um lugar bonito com boa comida... Um lugar bonito com boa comida... Um lugar bonito com boa comida... Um lugar bonito com boa comida... Um lugar bonito com boa comida... </p>', 'Los Angeles, CA, USA', '34.0522342', '-118.2436849', '60', 'restaurant1348025334.png', 'restaurant692685654.png/**/', 1, NULL, 0, '2019-03-14 21:44:24', '2019-03-15 10:53:04');

-- --------------------------------------------------------

--
-- Table structure for table `gr_subadmin`
--

CREATE TABLE `gr_subadmin` (
  `id` int(11) NOT NULL,
  `adm_fname` varchar(100) NOT NULL,
  `adm_lname` varchar(100) DEFAULT NULL,
  `adm_email` varchar(150) DEFAULT NULL,
  `adm_password` varchar(50) DEFAULT NULL,
  `adm_decrypt_password` varchar(255) DEFAULT NULL,
  `adm_phone1` int(20) DEFAULT NULL,
  `adm_phone2` int(16) NOT NULL,
  `adm_city` int(11) DEFAULT NULL,
  `adm_country` int(11) DEFAULT NULL,
  `adm_address` varchar(255) NOT NULL,
  `sub_privileges` text NOT NULL,
  `sub_status` int(11) NOT NULL DEFAULT '1' COMMENT '0-block,1-active,2-delete',
  `sub_last_login_date` datetime DEFAULT NULL,
  `sub_last_logout_date` datetime DEFAULT NULL,
  `sub_login_ip` varchar(100) DEFAULT NULL,
  `created_date` datetime DEFAULT NULL,
  `modified_date` datetime DEFAULT NULL
) ENGINE=InnoDB DEFAULT CHARSET=latin1;

--
-- Dumping data for table `gr_subadmin`
--

INSERT INTO `gr_subadmin` (`id`, `adm_fname`, `adm_lname`, `adm_email`, `adm_password`, `adm_decrypt_password`, `adm_phone1`, `adm_phone2`, `adm_city`, `adm_country`, `adm_address`, `sub_privileges`, `sub_status`, `sub_last_login_date`, `sub_last_logout_date`, `sub_login_ip`, `created_date`, `modified_date`) VALUES
(1, 'VIJAYAPRAKASH', NULL, 'pjvijaypvp@gmail.com', '94059e40196da42fcb4c01b6835c0126', 'Vijay1999', 2147483647, 0, NULL, NULL, '', 'a:21:{s:8:\"Category\";a:4:{i:0;s:1:\"0\";i:1;s:1:\"1\";i:2;s:1:\"2\";i:3;s:1:\"3\";}s:7:\"Choices\";a:4:{i:0;s:1:\"0\";i:1;s:1:\"1\";i:2;s:1:\"2\";i:3;s:1:\"3\";}s:8:\"Merchant\";a:4:{i:0;s:1:\"0\";i:1;s:1:\"1\";i:2;s:1:\"2\";i:3;s:1:\"3\";}s:10:\"Restaurant\";a:4:{i:0;s:1:\"0\";i:1;s:1:\"1\";i:2;s:1:\"2\";i:3;s:1:\"3\";}s:8:\"Customer\";a:4:{i:0;s:1:\"0\";i:1;s:1:\"1\";i:2;s:1:\"2\";i:3;s:1:\"3\";}s:4:\"Item\";a:4:{i:0;s:1:\"0\";i:1;s:1:\"1\";i:2;s:1:\"2\";i:3;s:1:\"3\";}s:16:\"Delivery_Manager\";a:4:{i:0;s:1:\"0\";i:1;s:1:\"1\";i:2;s:1:\"2\";i:3;s:1:\"3\";}s:12:\"Delivery_Boy\";a:4:{i:0;s:1:\"0\";i:1;s:1:\"1\";i:2;s:1:\"2\";i:3;s:1:\"3\";}s:3:\"CMS\";a:4:{i:0;s:1:\"0\";i:1;s:1:\"1\";i:2;s:1:\"2\";i:3;s:1:\"3\";}s:3:\"FAQ\";a:4:{i:0;s:1:\"0\";i:1;s:1:\"1\";i:2;s:1:\"2\";i:3;s:1:\"3\";}s:6:\"Review\";a:4:{i:0;s:1:\"0\";i:1;s:1:\"1\";i:2;s:1:\"2\";i:3;s:1:\"3\";}s:5:\"Order\";a:1:{i:0;s:1:\"0\";}s:10:\"Commission\";a:1:{i:0;s:1:\"0\";}s:9:\"Inventory\";a:1:{i:0;s:1:\"0\";}s:12:\"Cancellation\";a:1:{i:0;s:1:\"0\";}s:12:\"Refer_Friend\";a:1:{i:0;s:1:\"0\";}s:10:\"Newsletter\";a:1:{i:0;s:1:\"0\";}s:18:\"Featured_Resturant\";a:1:{i:0;s:1:\"0\";}s:13:\"Failed_orders\";a:1:{i:0;s:1:\"0\";}s:16:\"Delivery_Boy_Map\";a:4:{i:0;s:1:\"0\";i:1;s:1:\"1\";i:2;s:1:\"2\";i:3;s:1:\"3\";}s:7:\"Reports\";a:1:{i:0;s:1:\"0\";}}', 1, '2019-03-20 09:58:34', NULL, '157.50.238.223', '2019-03-19 12:28:57', '2019-03-19 12:28:57'),
(2, 'Karthikeyan', NULL, 'karthikgipi@gmail.com', 'e10adc3949ba59abbe56e057f20f883e', '123456', 2147483647, 0, NULL, NULL, '', 'a:21:{s:8:\"Category\";a:4:{i:0;s:1:\"0\";i:1;s:1:\"1\";i:2;s:1:\"2\";i:3;s:1:\"3\";}s:7:\"Choices\";a:4:{i:0;s:1:\"0\";i:1;s:1:\"1\";i:2;s:1:\"2\";i:3;s:1:\"3\";}s:8:\"Merchant\";a:4:{i:0;s:1:\"0\";i:1;s:1:\"1\";i:2;s:1:\"2\";i:3;s:1:\"3\";}s:10:\"Restaurant\";a:4:{i:0;s:1:\"0\";i:1;s:1:\"1\";i:2;s:1:\"2\";i:3;s:1:\"3\";}s:8:\"Customer\";a:4:{i:0;s:1:\"0\";i:1;s:1:\"1\";i:2;s:1:\"2\";i:3;s:1:\"3\";}s:4:\"Item\";a:4:{i:0;s:1:\"0\";i:1;s:1:\"1\";i:2;s:1:\"2\";i:3;s:1:\"3\";}s:16:\"Delivery_Manager\";a:4:{i:0;s:1:\"0\";i:1;s:1:\"1\";i:2;s:1:\"2\";i:3;s:1:\"3\";}s:12:\"Delivery_Boy\";a:4:{i:0;s:1:\"0\";i:1;s:1:\"1\";i:2;s:1:\"2\";i:3;s:1:\"3\";}s:3:\"CMS\";a:4:{i:0;s:1:\"0\";i:1;s:1:\"1\";i:2;s:1:\"2\";i:3;s:1:\"3\";}s:3:\"FAQ\";a:4:{i:0;s:1:\"0\";i:1;s:1:\"1\";i:2;s:1:\"2\";i:3;s:1:\"3\";}s:6:\"Review\";a:4:{i:0;s:1:\"0\";i:1;s:1:\"1\";i:2;s:1:\"2\";i:3;s:1:\"3\";}s:5:\"Order\";a:1:{i:0;s:1:\"0\";}s:10:\"Commission\";a:1:{i:0;s:1:\"0\";}s:9:\"Inventory\";a:1:{i:0;s:1:\"0\";}s:12:\"Cancellation\";a:1:{i:0;s:1:\"0\";}s:12:\"Refer_Friend\";a:1:{i:0;s:1:\"0\";}s:10:\"Newsletter\";a:1:{i:0;s:1:\"0\";}s:18:\"Featured_Resturant\";a:1:{i:0;s:1:\"0\";}s:13:\"Failed_orders\";a:1:{i:0;s:1:\"0\";}s:16:\"Delivery_Boy_Map\";a:4:{i:0;s:1:\"0\";i:1;s:1:\"1\";i:2;s:1:\"2\";i:3;s:1:\"3\";}s:7:\"Reports\";a:1:{i:0;s:1:\"0\";}}', 1, NULL, NULL, NULL, '2019-03-19 14:30:15', '2019-03-19 14:30:15');

-- --------------------------------------------------------

--
-- Table structure for table `gr_task`
--

CREATE TABLE `gr_task` (
  `task_id` int(10) NOT NULL,
  `task_ordertrans_id` varchar(100) NOT NULL,
  `task_serv_id` int(10) NOT NULL,
  `task_agent_id` int(10) NOT NULL,
  `task_cus_id` int(10) NOT NULL,
  `task_response_time` time NOT NULL,
  `task_time_slot` datetime NOT NULL,
  `task_start_time` time NOT NULL,
  `task_arrival_time` time NOT NULL,
  `task_delivered_time` time NOT NULL,
  `task_service_address` varchar(255) NOT NULL,
  `multiple_task` enum('Yes','No') NOT NULL,
  `task_subscription_fee` decimal(10,2) DEFAULT NULL,
  `task_driver_schedule` varchar(255) NOT NULL,
  `task_allocation` enum('1','2','3','4','5') NOT NULL COMMENT '1-Nearest Available,2-One by one,3-Send to all,4-Batch wise,5-Round Robin',
  `task_cus_proof` varchar(255) NOT NULL,
  `task_status` enum('0','1','2','3') NOT NULL COMMENT '0-not assigned,1-assigned,2-Accepted,4-Rejected'
) ENGINE=InnoDB DEFAULT CHARSET=latin1;

-- --------------------------------------------------------

--
-- Table structure for table `gr_team`
--

CREATE TABLE `gr_team` (
  `team_id` int(10) NOT NULL,
  `team_name` varchar(100) NOT NULL,
  `team_serv_owner` int(10) NOT NULL,
  `team_members` varchar(255) NOT NULL,
  `team_create_date` date NOT NULL,
  `team_status` enum('0','1','2') NOT NULL COMMENT '0-block,1-active,2-delete'
) ENGINE=InnoDB DEFAULT CHARSET=latin1;

-- --------------------------------------------------------

--
-- Table structure for table `gr_wishlist`
--

CREATE TABLE `gr_wishlist` (
  `ws_id` int(11) NOT NULL,
  `ws_pro_id` int(11) DEFAULT NULL,
  `ws_item_id` int(11) DEFAULT NULL,
  `ws_cus_id` int(11) DEFAULT NULL,
  `ws_type` int(11) DEFAULT NULL COMMENT '1=>product, 2=>item',
  `ws_date` date DEFAULT NULL
) ENGINE=InnoDB DEFAULT CHARSET=latin1;

--
-- Dumping data for table `gr_wishlist`
--

INSERT INTO `gr_wishlist` (`ws_id`, `ws_pro_id`, `ws_item_id`, `ws_cus_id`, `ws_type`, `ws_date`) VALUES
(1, 31, NULL, 4, 2, '2019-03-18');

-- --------------------------------------------------------

--
-- Table structure for table `round_robin`
--

CREATE TABLE `round_robin` (
  `id` int(11) NOT NULL,
  `del_mgr_index` int(11) NOT NULL,
  `del_boy_index` int(11) NOT NULL
) ENGINE=InnoDB DEFAULT CHARSET=latin1;

--
-- Indexes for dumped tables
--

--
-- Indexes for table `gr_admin`
--
ALTER TABLE `gr_admin`
  ADD PRIMARY KEY (`id`),
  ADD KEY `adm_city` (`adm_city`),
  ADD KEY `adm_country` (`adm_country`);

--
-- Indexes for table `gr_advertisement`
--
ALTER TABLE `gr_advertisement`
  ADD PRIMARY KEY (`ad_id`);

--
-- Indexes for table `gr_agent`
--
ALTER TABLE `gr_agent`
  ADD PRIMARY KEY (`agent_id`);

--
-- Indexes for table `gr_agent_commission`
--
ALTER TABLE `gr_agent_commission`
  ADD PRIMARY KEY (`id`);

--
-- Indexes for table `gr_agent_earnings`
--
ALTER TABLE `gr_agent_earnings`
  ADD PRIMARY KEY (`ae_id`),
  ADD KEY `ae_agent_id` (`ae_agent_id`);

--
-- Indexes for table `gr_banner_image`
--
ALTER TABLE `gr_banner_image`
  ADD PRIMARY KEY (`id`);

--
-- Indexes for table `gr_cart_save`
--
ALTER TABLE `gr_cart_save`
  ADD PRIMARY KEY (`cart_id`),
  ADD KEY `cart_cus_id` (`cart_cus_id`);

--
-- Indexes for table `gr_category`
--
ALTER TABLE `gr_category`
  ADD PRIMARY KEY (`cate_id`);

--
-- Indexes for table `gr_choices`
--
ALTER TABLE `gr_choices`
  ADD PRIMARY KEY (`ch_id`);

--
-- Indexes for table `gr_cms`
--
ALTER TABLE `gr_cms`
  ADD PRIMARY KEY (`id`);

--
-- Indexes for table `gr_country`
--
ALTER TABLE `gr_country`
  ADD PRIMARY KEY (`id`);

--
-- Indexes for table `gr_currency_values`
--
ALTER TABLE `gr_currency_values`
  ADD PRIMARY KEY (`cur_id`);

--
-- Indexes for table `gr_customer`
--
ALTER TABLE `gr_customer`
  ADD PRIMARY KEY (`cus_id`),
  ADD KEY `cus_location` (`cus_location`),
  ADD KEY `cus_city` (`cus_city`),
  ADD KEY `cus_country` (`cus_country`);

--
-- Indexes for table `gr_delboy_commission`
--
ALTER TABLE `gr_delboy_commission`
  ADD PRIMARY KEY (`id`);

--
-- Indexes for table `gr_delivery_manager`
--
ALTER TABLE `gr_delivery_manager`
  ADD PRIMARY KEY (`dm_id`);

--
-- Indexes for table `gr_delivery_member`
--
ALTER TABLE `gr_delivery_member`
  ADD PRIMARY KEY (`deliver_id`);

--
-- Indexes for table `gr_delivery_person_earnings`
--
ALTER TABLE `gr_delivery_person_earnings`
  ADD PRIMARY KEY (`de_id`),
  ADD KEY `de_deliver_id` (`de_deliver_id`);

--
-- Indexes for table `gr_deliver_working_hrs`
--
ALTER TABLE `gr_deliver_working_hrs`
  ADD PRIMARY KEY (`dw_id`);

--
-- Indexes for table `gr_delmgr_notification`
--
ALTER TABLE `gr_delmgr_notification`
  ADD PRIMARY KEY (`no_id`);

--
-- Indexes for table `gr_faq`
--
ALTER TABLE `gr_faq`
  ADD PRIMARY KEY (`id`);

--
-- Indexes for table `gr_featured_booking`
--
ALTER TABLE `gr_featured_booking`
  ADD PRIMARY KEY (`id`);

--
-- Indexes for table `gr_general_notification`
--
ALTER TABLE `gr_general_notification`
  ADD PRIMARY KEY (`id`);

--
-- Indexes for table `gr_general_setting`
--
ALTER TABLE `gr_general_setting`
  ADD PRIMARY KEY (`gs_id`);

--
-- Indexes for table `gr_language`
--
ALTER TABLE `gr_language`
  ADD PRIMARY KEY (`id`),
  ADD KEY `index` (`co_id`);

--
-- Indexes for table `gr_logo_settings`
--
ALTER TABLE `gr_logo_settings`
  ADD PRIMARY KEY (`id`);

--
-- Indexes for table `gr_merchant`
--
ALTER TABLE `gr_merchant`
  ADD PRIMARY KEY (`id`);

--
-- Indexes for table `gr_merchant_commission`
--
ALTER TABLE `gr_merchant_commission`
  ADD PRIMARY KEY (`mer_commission_id`);

--
-- Indexes for table `gr_merchant_overallorder`
--
ALTER TABLE `gr_merchant_overallorder`
  ADD PRIMARY KEY (`or_id`),
  ADD KEY `index` (`or_mer_id`);

--
-- Indexes for table `gr_newsletter_subscription`
--
ALTER TABLE `gr_newsletter_subscription`
  ADD PRIMARY KEY (`id`);

--
-- Indexes for table `gr_notification`
--
ALTER TABLE `gr_notification`
  ADD PRIMARY KEY (`no_id`);

--
-- Indexes for table `gr_no_images`
--
ALTER TABLE `gr_no_images`
  ADD PRIMARY KEY (`id`);

--
-- Indexes for table `gr_order`
--
ALTER TABLE `gr_order`
  ADD PRIMARY KEY (`ord_id`),
  ADD KEY `ord_cus_id` (`ord_cus_id`);

--
-- Indexes for table `gr_order_reject_history`
--
ALTER TABLE `gr_order_reject_history`
  ADD PRIMARY KEY (`id`);

--
-- Indexes for table `gr_payment_setting`
--
ALTER TABLE `gr_payment_setting`
  ADD PRIMARY KEY (`ps_id`);

--
-- Indexes for table `gr_product`
--
ALTER TABLE `gr_product`
  ADD PRIMARY KEY (`pro_id`),
  ADD KEY `pro_mer_id` (`pro_store_id`),
  ADD KEY `pro_sub_cat_id` (`pro_sub_cat_id`),
  ADD KEY `pro_category_id` (`pro_category_id`);

--
-- Indexes for table `gr_product_choice`
--
ALTER TABLE `gr_product_choice`
  ADD PRIMARY KEY (`pc_id`),
  ADD KEY `pc_pro_id` (`pc_pro_id`),
  ADD KEY `pc_main_choice` (`pc_price`);

--
-- Indexes for table `gr_product_spec`
--
ALTER TABLE `gr_product_spec`
  ADD PRIMARY KEY (`spec_id`);

--
-- Indexes for table `gr_proitem_maincategory`
--
ALTER TABLE `gr_proitem_maincategory`
  ADD PRIMARY KEY (`pro_mc_id`);

--
-- Indexes for table `gr_proitem_subcategory`
--
ALTER TABLE `gr_proitem_subcategory`
  ADD PRIMARY KEY (`pro_sc_id`);

--
-- Indexes for table `gr_referal`
--
ALTER TABLE `gr_referal`
  ADD PRIMARY KEY (`re_id`);

--
-- Indexes for table `gr_res_working_hrs`
--
ALTER TABLE `gr_res_working_hrs`
  ADD PRIMARY KEY (`wk_id`);

--
-- Indexes for table `gr_review`
--
ALTER TABLE `gr_review`
  ADD PRIMARY KEY (`comment_id`);

--
-- Indexes for table `gr_shipping`
--
ALTER TABLE `gr_shipping`
  ADD PRIMARY KEY (`id`);

--
-- Indexes for table `gr_store`
--
ALTER TABLE `gr_store`
  ADD PRIMARY KEY (`id`);

--
-- Indexes for table `gr_subadmin`
--
ALTER TABLE `gr_subadmin`
  ADD PRIMARY KEY (`id`);

--
-- Indexes for table `gr_task`
--
ALTER TABLE `gr_task`
  ADD PRIMARY KEY (`task_id`),
  ADD KEY `task_ordertrans_id` (`task_ordertrans_id`),
  ADD KEY `task_cus_id` (`task_cus_id`),
  ADD KEY `task_serv_id` (`task_serv_id`),
  ADD KEY `task_agent_id` (`task_agent_id`);

--
-- Indexes for table `gr_team`
--
ALTER TABLE `gr_team`
  ADD PRIMARY KEY (`team_id`);

--
-- Indexes for table `gr_wishlist`
--
ALTER TABLE `gr_wishlist`
  ADD PRIMARY KEY (`ws_id`);

--
-- Indexes for table `round_robin`
--
ALTER TABLE `round_robin`
  ADD PRIMARY KEY (`id`);

--
-- AUTO_INCREMENT for dumped tables
--

--
-- AUTO_INCREMENT for table `gr_admin`
--
ALTER TABLE `gr_admin`
  MODIFY `id` int(10) NOT NULL AUTO_INCREMENT, AUTO_INCREMENT=3;

--
-- AUTO_INCREMENT for table `gr_advertisement`
--
ALTER TABLE `gr_advertisement`
  MODIFY `ad_id` int(11) NOT NULL AUTO_INCREMENT;

--
-- AUTO_INCREMENT for table `gr_agent`
--
ALTER TABLE `gr_agent`
  MODIFY `agent_id` int(10) NOT NULL AUTO_INCREMENT;

--
-- AUTO_INCREMENT for table `gr_agent_commission`
--
ALTER TABLE `gr_agent_commission`
  MODIFY `id` int(10) NOT NULL AUTO_INCREMENT;

--
-- AUTO_INCREMENT for table `gr_agent_earnings`
--
ALTER TABLE `gr_agent_earnings`
  MODIFY `ae_id` int(11) NOT NULL AUTO_INCREMENT;

--
-- AUTO_INCREMENT for table `gr_banner_image`
--
ALTER TABLE `gr_banner_image`
  MODIFY `id` int(11) NOT NULL AUTO_INCREMENT, AUTO_INCREMENT=7;

--
-- AUTO_INCREMENT for table `gr_cart_save`
--
ALTER TABLE `gr_cart_save`
  MODIFY `cart_id` int(10) NOT NULL AUTO_INCREMENT, AUTO_INCREMENT=31;

--
-- AUTO_INCREMENT for table `gr_category`
--
ALTER TABLE `gr_category`
  MODIFY `cate_id` int(10) NOT NULL AUTO_INCREMENT, AUTO_INCREMENT=12;

--
-- AUTO_INCREMENT for table `gr_choices`
--
ALTER TABLE `gr_choices`
  MODIFY `ch_id` int(10) NOT NULL AUTO_INCREMENT, AUTO_INCREMENT=9;

--
-- AUTO_INCREMENT for table `gr_cms`
--
ALTER TABLE `gr_cms`
  MODIFY `id` smallint(10) NOT NULL AUTO_INCREMENT, AUTO_INCREMENT=11;

--
-- AUTO_INCREMENT for table `gr_country`
--
ALTER TABLE `gr_country`
  MODIFY `id` int(10) NOT NULL AUTO_INCREMENT, AUTO_INCREMENT=4;

--
-- AUTO_INCREMENT for table `gr_currency_values`
--
ALTER TABLE `gr_currency_values`
  MODIFY `cur_id` int(10) NOT NULL AUTO_INCREMENT;

--
-- AUTO_INCREMENT for table `gr_customer`
--
ALTER TABLE `gr_customer`
  MODIFY `cus_id` int(10) NOT NULL AUTO_INCREMENT, AUTO_INCREMENT=27;

--
-- AUTO_INCREMENT for table `gr_delboy_commission`
--
ALTER TABLE `gr_delboy_commission`
  MODIFY `id` int(10) NOT NULL AUTO_INCREMENT;

--
-- AUTO_INCREMENT for table `gr_delivery_manager`
--
ALTER TABLE `gr_delivery_manager`
  MODIFY `dm_id` int(11) NOT NULL AUTO_INCREMENT, AUTO_INCREMENT=2;

--
-- AUTO_INCREMENT for table `gr_delivery_member`
--
ALTER TABLE `gr_delivery_member`
  MODIFY `deliver_id` int(10) NOT NULL AUTO_INCREMENT, AUTO_INCREMENT=4;

--
-- AUTO_INCREMENT for table `gr_delivery_person_earnings`
--
ALTER TABLE `gr_delivery_person_earnings`
  MODIFY `de_id` int(11) NOT NULL AUTO_INCREMENT;

--
-- AUTO_INCREMENT for table `gr_deliver_working_hrs`
--
ALTER TABLE `gr_deliver_working_hrs`
  MODIFY `dw_id` int(11) NOT NULL AUTO_INCREMENT, AUTO_INCREMENT=15;

--
-- AUTO_INCREMENT for table `gr_delmgr_notification`
--
ALTER TABLE `gr_delmgr_notification`
  MODIFY `no_id` int(10) NOT NULL AUTO_INCREMENT;

--
-- AUTO_INCREMENT for table `gr_faq`
--
ALTER TABLE `gr_faq`
  MODIFY `id` int(11) NOT NULL AUTO_INCREMENT, AUTO_INCREMENT=9;

--
-- AUTO_INCREMENT for table `gr_featured_booking`
--
ALTER TABLE `gr_featured_booking`
  MODIFY `id` int(11) NOT NULL AUTO_INCREMENT;

--
-- AUTO_INCREMENT for table `gr_general_notification`
--
ALTER TABLE `gr_general_notification`
  MODIFY `id` int(11) NOT NULL AUTO_INCREMENT, AUTO_INCREMENT=116;

--
-- AUTO_INCREMENT for table `gr_general_setting`
--
ALTER TABLE `gr_general_setting`
  MODIFY `gs_id` int(10) NOT NULL AUTO_INCREMENT, AUTO_INCREMENT=3;

--
-- AUTO_INCREMENT for table `gr_language`
--
ALTER TABLE `gr_language`
  MODIFY `id` int(10) NOT NULL AUTO_INCREMENT, AUTO_INCREMENT=3;

--
-- AUTO_INCREMENT for table `gr_logo_settings`
--
ALTER TABLE `gr_logo_settings`
  MODIFY `id` int(11) NOT NULL AUTO_INCREMENT, AUTO_INCREMENT=2;

--
-- AUTO_INCREMENT for table `gr_merchant`
--
ALTER TABLE `gr_merchant`
  MODIFY `id` int(10) NOT NULL AUTO_INCREMENT, AUTO_INCREMENT=11;

--
-- AUTO_INCREMENT for table `gr_merchant_commission`
--
ALTER TABLE `gr_merchant_commission`
  MODIFY `mer_commission_id` int(10) NOT NULL AUTO_INCREMENT;

--
-- AUTO_INCREMENT for table `gr_merchant_overallorder`
--
ALTER TABLE `gr_merchant_overallorder`
  MODIFY `or_id` int(10) NOT NULL AUTO_INCREMENT, AUTO_INCREMENT=7;

--
-- AUTO_INCREMENT for table `gr_newsletter_subscription`
--
ALTER TABLE `gr_newsletter_subscription`
  MODIFY `id` int(11) NOT NULL AUTO_INCREMENT, AUTO_INCREMENT=2;

--
-- AUTO_INCREMENT for table `gr_notification`
--
ALTER TABLE `gr_notification`
  MODIFY `no_id` int(10) NOT NULL AUTO_INCREMENT;

--
-- AUTO_INCREMENT for table `gr_no_images`
--
ALTER TABLE `gr_no_images`
  MODIFY `id` int(11) NOT NULL AUTO_INCREMENT, AUTO_INCREMENT=2;

--
-- AUTO_INCREMENT for table `gr_order`
--
ALTER TABLE `gr_order`
  MODIFY `ord_id` int(10) NOT NULL AUTO_INCREMENT, AUTO_INCREMENT=33;

--
-- AUTO_INCREMENT for table `gr_order_reject_history`
--
ALTER TABLE `gr_order_reject_history`
  MODIFY `id` int(11) NOT NULL AUTO_INCREMENT, AUTO_INCREMENT=2;

--
-- AUTO_INCREMENT for table `gr_product`
--
ALTER TABLE `gr_product`
  MODIFY `pro_id` int(10) NOT NULL AUTO_INCREMENT, AUTO_INCREMENT=64;

--
-- AUTO_INCREMENT for table `gr_product_choice`
--
ALTER TABLE `gr_product_choice`
  MODIFY `pc_id` int(10) NOT NULL AUTO_INCREMENT, AUTO_INCREMENT=9;

--
-- AUTO_INCREMENT for table `gr_product_spec`
--
ALTER TABLE `gr_product_spec`
  MODIFY `spec_id` int(11) NOT NULL AUTO_INCREMENT, AUTO_INCREMENT=2;

--
-- AUTO_INCREMENT for table `gr_proitem_maincategory`
--
ALTER TABLE `gr_proitem_maincategory`
  MODIFY `pro_mc_id` int(11) NOT NULL AUTO_INCREMENT, AUTO_INCREMENT=12;

--
-- AUTO_INCREMENT for table `gr_proitem_subcategory`
--
ALTER TABLE `gr_proitem_subcategory`
  MODIFY `pro_sc_id` int(11) NOT NULL AUTO_INCREMENT, AUTO_INCREMENT=31;

--
-- AUTO_INCREMENT for table `gr_referal`
--
ALTER TABLE `gr_referal`
  MODIFY `re_id` int(10) NOT NULL AUTO_INCREMENT, AUTO_INCREMENT=3;

--
-- AUTO_INCREMENT for table `gr_res_working_hrs`
--
ALTER TABLE `gr_res_working_hrs`
  MODIFY `wk_id` int(11) NOT NULL AUTO_INCREMENT, AUTO_INCREMENT=64;

--
-- AUTO_INCREMENT for table `gr_review`
--
ALTER TABLE `gr_review`
  MODIFY `comment_id` int(11) NOT NULL AUTO_INCREMENT, AUTO_INCREMENT=3;

--
-- AUTO_INCREMENT for table `gr_shipping`
--
ALTER TABLE `gr_shipping`
  MODIFY `id` int(11) NOT NULL AUTO_INCREMENT, AUTO_INCREMENT=15;

--
-- AUTO_INCREMENT for table `gr_store`
--
ALTER TABLE `gr_store`
  MODIFY `id` int(11) NOT NULL AUTO_INCREMENT, AUTO_INCREMENT=10;

--
-- AUTO_INCREMENT for table `gr_subadmin`
--
ALTER TABLE `gr_subadmin`
  MODIFY `id` int(11) NOT NULL AUTO_INCREMENT, AUTO_INCREMENT=3;

--
-- AUTO_INCREMENT for table `gr_task`
--
ALTER TABLE `gr_task`
  MODIFY `task_id` int(10) NOT NULL AUTO_INCREMENT;

--
-- AUTO_INCREMENT for table `gr_team`
--
ALTER TABLE `gr_team`
  MODIFY `team_id` int(10) NOT NULL AUTO_INCREMENT;

--
-- AUTO_INCREMENT for table `gr_wishlist`
--
ALTER TABLE `gr_wishlist`
  MODIFY `ws_id` int(11) NOT NULL AUTO_INCREMENT, AUTO_INCREMENT=2;

--
-- AUTO_INCREMENT for table `round_robin`
--
ALTER TABLE `round_robin`
  MODIFY `id` int(11) NOT NULL AUTO_INCREMENT;
COMMIT;

/*!40101 SET CHARACTER_SET_CLIENT=@OLD_CHARACTER_SET_CLIENT */;
/*!40101 SET CHARACTER_SET_RESULTS=@OLD_CHARACTER_SET_RESULTS */;
/*!40101 SET COLLATION_CONNECTION=@OLD_COLLATION_CONNECTION */;
